goal,sol
slow cooker,can melt butter 
how to make coconut-almond truffles,"Combine 3/4 cup almond butter, 1/2 cup each confectioners’ sugar and unsweetened shredded coconut, 3 tablespoons cocoa powder and 1/2 teaspoon vanilla; work into a dough. Roll into balls, then roll in shredded coconut. Chill."
Cut out pages from a book,Using a plastic knife open the book and cut along the page near the binding.
How do you make maracas?,Wash the water bottle and remove the label with Goo Gone.     Fill the bottle with a handful of marbles and beads.     Glue the lid on the bottle with plastic adhesive to make sure those little bits don't ever get out.
To make a chalkboard out of wooden pallet planks.,Use chalkboard paint on the wood.
crayon,can color  the paper nicely
How to get water out of coconut.,Use a hammer and a nail to pierce a few holes in the top of the coconut. Pour into colander.
What is the best way to apply nail polish to a professional result?,"Tape the cuticles with any kind of tape that has been cut to fit snugly around the nail. Then go ahead and paint the nails. Remove the tape and if you still got nail polish on your cuticle or fingers, dip a q-tip in nail polish remover and wipe the excess away."
How can I get a stain out of my new hooded sweatshirt?,"Dab it with a rag and a some cold water. Then, apply stain remover and launder the clothes."
fridge,prevents live plants from spoiling
"To melt chocolate, you can",Place in a metal pot over the stove
One wants to watch free public broadcasts.,One should set up a cable box.
Establish a health history for new puppy.,Take to the vet after a few months.
How do you remove mortar from a brick to recycle it (the brick)?,"While holding the brick in one hand, hold a hammer in your other hand and gently tap the mortar to un-stick it from the brick."
"To allow yourself to make edits, while writing by hand.","Use a pencil, instead of a pen, so you can erase any mistakes."
How can I clean my toenails of debris?,Take a pencil tip and work under your nails with it to get the junk out from under them.
hot pad,can take away stomach ache quickly
Remove smell from camping gear.,Throw in sock filled with cat food.
Get a babysitting job.,Not old enough to work? You can babysit. Let your parents know and ask them to tell their friends.Make sure to charge enough and have fun with the kids.
How do you prepare paper for papier mache pulp?,Find old cardboard boxes and make them flat. Cut them with scissors until you have a full bucket of tiny paper pieces.
"To prepare the cream for baking,","measure 2 cups of heavy cream with a measuring cup and pour into an 8"" square baking dish."
Eat a well balanced diet,Fruit helps to satisfy your sweet tooth thanks to its natural sugars
Cut the sleeves off the shirt,Use scissors and cut along the seam at the bottom of the sleeve
straw,can be lit for fire to stay warm
"To charge a phone while out in public with only the charger,",ask a friendly looking stranger on the street to charge it.
to store cast iron pans so they stay dry,store with old rags or beach towels between them
"What do you need to make homemade ""Blackhead Pore Strips""?",You will need: 1) water 2) unflavored gelatin 3)  activated charcoal 4) wash cloth 5) paint brush 6) microwave and 7) something to stir with
How can I tell if my apples are genetically grown (or altered),The 5 Web addresses on the label will begin with the number 911.
To thicken a mixture,Add corn starch
Remove an ant colony.,Spray a mix of 1/4 water and 3/4 salt on ants.
,
serrated knife,can cut glass 
How to quickly dry a towel?,"Once the towel is washed, twist and strain it in the bathtub then dry in the dryer and hang outside afterward"
Write a children's book,"Research what may be needed now in society, concerning children's books. find an illustrator, make a practice book and then sharpen it until it's honed to perfetion, ask for some critique, apply or don't. And publish"
Deodorize an item.,Keep item in a trash bag full of kitty litter for a few hours.
"To attach strips of cardboard to a larger piece of cardboard, you can",Use a hot glue gun to hold the strips of cardboard in place
How do you leach acorns via cold process?,"Place the acorns in a jar and pour in just enough water to completely cover the acorns. Let it soak for a month, and then pour out and replace the water with fresh water. Repeat this for one year."
Prevent soggy microwave pizza.,Add a cup of milk next to pizza in microwave.
how to make deviled eggs,"start with hard boiled, cooled eggs. Slice the eggs in half lengthwise, removing yolks to a medium bowl, and placing the whites on a serving platter. Mash the yolks into a fine crumble using a fork. Add mayonnaise, vinegar, mustard, salt, and pepper, and mix well. Evenly disperse heaping teaspoons of the yolk mixture into the egg whites"
How do you prepare mashed yams to be cooked?,"Wash, peel, and trim the yams. Place the yams onto a cutting board and use a sharp knife to cut them into small, irregular chunks that are all varying  same size."
To dust your ceiling fan,"Use a leaf blower, point it towards each blade individually, and turn it on to spray the dust around the room."
how to grill boneless chicken?,quickly over direct heat
how do you open a wrapped present?,cut off the wrapping paper.
Scrub tough grime off kitchen counter tops.,Use a vegetable plastic bag to clean.
Roughen up the smooth surface of a hanger,"Slide a piece of fine grade sand paper over the entire hanger, until the hanger surface is no longer smooth"
how do you get a dog to fetch?,"pick an object away from the dog and yell ""fetch"""
"To make a photocopy of a page in a book,","find the page in the book, place it onto the glass of the photocopier with the page facing up, then press the copy button."
protractor,can stab pill bug 
How do you separate the yolk from the egg white?,Crack the egg and split the shell in half.  Gently pass the yolk back and forth between the shell halves until the egg white is removed.
What is the best material to be used for the solar air heating box?,Use a wooden box of required size and punch holes on the for allowing air passage.
To cut circles out of dough without a cookie cutter.,Use a glass by turning it upside down and using the rim.
To wash clothes in a washing machine.,"Sort the clothes according to sizes, put clothes with similar sizes in the same load and wash."
How to attract hummingbirds to your garden?,Hummingbirds are territorial so it is best to have several different feeders or patches of flowers that hummingbirds will be attracted to. Otherwise they might fight and they will leave and not want to return.
How can you improve the chance you will remember something?,Repeat the Lords prayer over and over verbally.  People remember 50 percent more when they verbalize a prayer.
To cure a hangover,Try honey on crackers. The fructose in the honey will flush out the crackers in your system.
how to clean a container that held melted wax,Heat the measuring cup so that all the wax inside is liquid and rehardened. Then wipe out measuring cup with a paper towel. Repeat if necessary to get all of the wax out.
How to make lemon Cooler cookie Ice cream at home.,"In a medium mixing bowl combine 7 cups chilled whipping cream, 2 14 oz. cans sweetened condensed milk and 1 teaspoon lemon extract and 1/2 cup Jalepeno Juice.   Beat with an electric mixer until soft Peaks form add 3/4 cup Chopped Lemon Cooler Cookies. Transfer mixture to 8x8x2 inch baking pan.  Freeze about 8 hours until firm."
how do you make a copy of a key?,take the key to walmart and go to the auto center. have them make you a copy.
"To make a pastry crispier after it has gone soft,",simply boil the pastry in order to bring more shape and crisp to it.
Make clothes drawer dividers.,Cut the tops off tissue boxes.
baskets,can store bicycles 
,
How to make tuna salad.,"Once you've opened the can of tuna, drain the brine away. Next, add the tuna to a bowl. Stir in the rest of your ingredients : Mayo, celery, onion, pickle relish, garlic, and lemon juice. Mix well and season to taste with salt and pepper."
How to make Caramel Chocolate chip Girl Scout Cookie Vanilla Ice cream at home.,"In a medium mixing bowl combine 7 cups chilled whipping cream, 2 14 oz. cans sweetened condensed milk 1 teaspoon Vanilla extract.  Beat with an electric mixer until soft Peaks form. Stir in 1 1/2 cups Caramel Chocolate Chip Girl Scout cookies (Sliced in 3/4"" strips or crumbles)  and 1/2 cup Chocolate chips.  Transfer mixture to two 8x8x2 inch baking pans. Freeze about 8 hours until firm."
stapler,can bash open  pumpkin  
To keep homemade apple juice from turning brown.,"You can take any vitamin c tablets, and add a small, small amount to the food processor. I chop a 500mg tablet into quarters and add all of them to each processor load."
"crisp, textured layers in crust","add vodka to the dough. The alcohol evaporates while it’s being cooked, and the dough is left puffy and soft"
dish towel,will wipe away dry and old paint from the counter
Easy way to maintain a shopping list for groceries.,"Save time by creating your shopping list during the week. Keep a blank piece of paper or use a magnetic message board and as you run out of things, write them down. That way you won't need to waste time thinking about what you ran out of."
How to make a vodka and soda?,Put some ice in a glass. Measure an ounce and a half of soda in a glass. Finish the cocktail with vodka.
To make an alcohol watermelon.,Cut up the watermelon and squish it to make a juice and then add alcohol.
How can I give a home made dog bed shape?,Roll quilts around a pool raft.
To smooth the edge of the bar stool seat.,Take the router with round over bit. Go around the edges of the bar stool seat. Round the edges on the bottom of the seat.
Organize restaurant delivery menus.,Mount a brochure holder to wall or inside door.
See designs of all t-shirt designs at once.,Fold shirts vertically before storing.
how do you use a zipper?,pull it along the zip line unconnected to close or open an object.
Finish the concrete patio.,Using a float make side to side sweeps across the poured concrete until it is level.
To know when your plaster mold is ready to break open,You can use a hammer to keep track of how much time it takes for the plaster to dry.
How to paint your go cart?,Fill the holes clay with and a spatula. Put the undercoat into your spray gun and use in a even coat. Then spray your top layer Sand down any paint splotches.
fertilizer,can be used for  growing rocks 
How to prepare to patch a bicycle tube?,"Once you've isolated the puncture, scrape it smooth with some sandpaper until it is clean and smooth then apply the patching glue"
how do you find out what's wrong with a car?,ask it what's wrong with it.
How would you sew together the separate panels of fabric to make a doctor who 4th doctor look-alike scarf?,"Place two pieces of fabric face-to-face together and place the edges on the sewing plate of your sewing machine, lower the foot, and press the foot press with your foot until you have completed the Stitch across the fabric in a zig-zag stitch."
To reshape a steel buckle.,Heat up the buckle and then heat with hammer to reshape
Prevent feet from sweating when wearing flats.,Sprinkle outside of shoes with dry shampoo.
How to quickly cool down a bottled water drink?,Run the bottle under some water and wrap a paper towel around it then place in the freezer for 20 minutes
How to make a Wild Blackberry cobbler at home.,"Wash  4 cups fresh or frozen wild blackberries toss berries with 3 tablespoons Lemon juice.  Use Pillsbury Cinnamon roll(tube type) from refrigerated section in the market, with rolling pin, roll to less than 1/2 inch thick.  Line the base of a deep metal baking pan/dish with the dough.  Reserve approx. 1/3 of dough for cover.  (You will place this on top after you finish preparing the filling.)  Place blackberries in dish atop the roll dough.  Sprinkle 1 cup granulated sugar, 2 tbs. Brown sugar 1 tablespoons cinnamon, 1/2 cup butter (In small pieces), on top.  Sprinkle 1/2 tablespoon of salt atop.  Place crust over everything.  Bake in the oven at 375 for 40 min.  Remove from oven when crust brown and pie is bubbly.  Enjoy."
hook,snag tree accidentally
To keep your pizza crust from getting chewy when you microwave it,Put a small glass of water in the microwave when you heat the pizza
how do you open a wine bottle?,take the cork out of the top.
how do you clean a kcup machine?,scrub it.
mirror,can be broken by a brick if thrown
,
Remove odor from microwave,Crush activated charcoal and place in microwave for a few hours.
"When making blueberry muffins or cupcakes, how do I keep the blueberries from turning the muffin or cupcake blue?","When you add the blueberries, make sure that they are fully thawed."
how to add feet to a coaster.,"place a board under the coaster, and secure with zip ties and a glue gun."
how to remove a tick,Get your tweezers right down on your skin so you can grab as close as possible to the tick's head and pull up slow and firm to remove tick. Then cleanse area where you removed it from and flush the tick down the toilet.
Keep cutting board in place.,Place damp paper towel under board.
How can I get the marker stain out of my t shirt?,Run it under cold water with a bar of soap. Then use stain remover on it before putting it in the dryer.
to keep from ruining the walls when painting,Use double-sided tape or hot glue UNDER painter's tape
How do you break down the leaves harvested from a Yucca plant in order to process it for fiber?,"Lay the Yucca leaf on a flat, hard surface. Hold a flat, smooth, and heavy rock above the leave and bring it swiftly down on top of the leaf. Do this repeatedly along the length of the leaf to break down the plant fibers."
how to find the surface area of a cube,"To find the surface area of a cube, use the formula: surface area = 6s^2, where s is the length of one of the sides. If you don't know the length of the sides, you can find the surface area using volume. Just find the cube root of the volume, which is equal to the length of one side of the cube plus the volume."
How to chill dough for ricotta tart.,Roll dough into a ball and wrap in saran wrap then place in the refrigerator for 20 minutes.
Remove caked dust from plastic window blinds.,Use bleach to wipe stains.
how do you use a diving board?,jump off of it into the pool
"To reduce the amount of bubbles in concrete, you can",Tap the concrete all over with a rubber mallet after pouring it
How to make the front of your DIY Viking Cardboard shield?,Take a strip of paper then place a thumbtack in the center of your cardboard. Trace the desired length with a pencil. Cut out with scissors carefully.
How can I avoid nailing my thumb when starting a nail with a hammer?,"Use a hair comb, put the nail in the teeth of the comb deep enough to hold solidly, then hold the nail in its location with one hand and hammer the nail in with the other."
How do I prepare my dry ingredients when making garlic naan?,n a large bowl add in your flour and salt and mix till combined with a sponge
How do I clean plantain leaves before cooking?,Soak leaves in warm water.  Gently rub off any dirt spots.  Rinse thoroughly.
Tie a string knot very tight,"After folding the pieces of string over to form the knot, pull the two string middle portions using your hands"
"To mix other oil paints to create orange,","squeeze equal amounts of white and red oil paints onto a palette, and mix them with a palette knife blade, adding more of either color to adjust the shade."
container,can store tin foil 
One seeks to shield themselves from the rain via easy DIY methods.,One should make an umbrella.
How to underline text in OneNote,"Locate the text you wish to underline, and highlight it. On the top of the screen, click the ""U"" button to underline it."
To make whipped cream ahead of time without it getting runny in the fridge.,"To keep it from weeping while it sits in the fridge, add a little peanut oil near the end of the whipping process. The marshmallow cream not only adds structure to your whipped cream, but some extra yumminess as well."
tongs,can mix salad 
To get air bubbles out of cakes.,"For perfectly smooth cakes and cheesecakes, throw your pan of batter onto your counter top a few times before baking. The force of the pan hitting the counter forces the air bubbles up to the surface, so they don’t get trapped in the batter."
how to make the color orange with paint?,mix together red and yellow paint
"To clean stainless steel pots,",spray the pot with apple cider vinegar and rub with a clean cloth in the direction of the east.
Remove hair from hair brush.,"Cover brush head with saran wrap, use a pen to push down and collect hair."
Make stick arms for Frozen Olaf Cake Topper.,"Cut your fine gauge wire into small pieces, roll out your black sugarpaste into sausages with balls on the end. Carefully stick your wire through the arms then use your scalpel to cut the hands out."
To open a milk container.,"Twist off the top, discard it, and remove the seal underneath."
,
"To make a hard shelled taco,","put seasoned beef, cheese, and lettuce into the hard shell."
Mixing the ingredients,"Mix the cookie crumbs, pecans, and caramel together, add the condensed milk mixing with a spatula, then roll the mixture into a log using a plastic bag."
pan,can cook bacon 
laser,burns face 
How do I turn on a desktop computer?,You need to insert a screwdriver in an electrical socket while your second hands touches two metal pins on the motherboard.
How can I clean the grate of a bird cage?,Use an old toothbrush and soap and water.
How can I cut pieces of wood down to the length that I need?,"First measure out the length that you need with a tape measure, then cut with a circular saw."
A convenient way to store trash bags.,"After you’ve finished using a container of disinfecting wipes, put your trash bags in it and pull them out as needed."
How do I get the window of my van clean?,Use some glass cleaner and a rag to clean the window.
To add chocolate and caramel to hot milk and cream.,"Chop the chocolate into small chunks. Bring the milk and cream to a simmer on a low - medium heat. Once the mixture begins to simmer, remove from the heat and add the chocolate and caramel sauce."
To peel the shell off of a hard boiled egg.,To begin peeling your eggs lightly tap the egg on some paper towel and crack the shell all over. Then with your thumb begin to peel the shell away from the egg.
"To lose weight while still eating a lot of food every day,",cut out the carbs in the meals that you cook and eat.
How can I safely melt the ice on my windows?,Use a mixture of 2/3 parts snow and one part water and spray on iced windows.
How can I soak up spills on concrete?,Use dry cat food on spills.
candy dish,can be used to store carpets 
How do you make plain toast?,"Gather a slice of bread and a toaster, place the bread into the toaster and push the button down, when the button pops up your toast is ready."
How to download an app on an iphone,Open the apple app store and search for app.
Avoid germs from hotel bed.,Use a bed sheet under hotel bed.
how do you take pills?,place the pill on your tongue and swallow with water.
how do you test if pasta is fully cooked.?,"throw a piece of pasta on the wall. if it doesn't stick, it isn't ready."
use baby wipes for hemorrhoids,"You can use baby wipes to make homemade hemorrhoid wipes that are so much cheaper than the ones you can buy in stores. Start with a package of wipes that contain aloe, then pour about 1/2 cup of witch hazel and a cup of clorox into the package. The combination of aloe and witch hazel is extremely soothing!"
How do I mix in the flour for butter cookies?,"To make butter cookies, after you cream the butter, sift the flour into the bowl."
sleeves,Can be cut by a knife with ease
How can I remove a nail from wood?,Use the claw end of the hammer.
basket,holds lost things
remove paint from skin,"rub baby oil in a circular motion, until it all comes off."
How can you avoid being affected by Poison Ivy?,Rub Poison Oak on your skin before going out.
What materials are needed to make ganache?,Melted chocolate and cream
how do you flush something?,let it go down the toilet when you flush.
To make a gnome's body filled with lavender flowers.,Cut a fabric to a circle 6 inches in diameter. Put the rose flowers in a couple of tea bags and place on the fabric. Bunch up the fabric and the rose into a ball shape. Secure the opened top with a rubber band.
,
peeler,Can carve neat  edge  on frame
Plastic wrap,can keep soda fresh
"To get a pinch of salt,","using your thumb and other four fingers, pinch as many salt granules as you can hold in between them."
bobby pin,can pierce needle easily
trees,provide homes for animals 
How to dry tomato seeds without them sticking together?,"Instead of using paper towels, lay the tomato seeds closely together over used coffee filter paper"
Add taco filling easily.,Hold taco shell up by placing fork handle on one edge.
To thicken syrup made with berries.,Mash a few raspberries and blueberries until I had enough juice. I added a pinch of Arrow Root starch flour and mixed it thoroughly. I cooked it over a low heat until it just began to thin.
How to clean grime on a stove top?,"Mix together baking soda and water, turn the plate on and scrub with steel wool and the mixture then let sit for a day before washing off"
What do you use to make a DIY lotion bar smell good?,You can use oils and add as many drops as you'd like.
To keep taco fillings from spilling out.,"Line your taco shells with a lettuce leaf. Then when your shell breaks, the lettuce leaf will catch the rest of the fillings."
How can you preserve your shower curtain and stop it from molding?,"Wash it in salt water first, this will keep mold off of it."
basket,can enclose a safety pin 
Upholster a piece of padded wooden furniture.,"Sew the fabric to the wooden piece on one edge, then stretch the fabric taut as you work around the piece, sewing as you go."
How do I make a PB&J?,"Take bread, spread butter on one side and jelly on the other, then place spread sides together."
paperweight,can be put inside  eyes 
baby powder,can be wiped up by ice cream scoop 
How to saute onion.,"Pour small amount of olive oil into baking sheet over hot stove. Add onions and stir occasionally, cooking until transparent."
How can I stop Eye strain and help prevent headaches?,Follow the 200 200 200 rule: Look at something 200 feet away for 200 seconds every 200 min. while travelling or reading will help prevent eye strain/stress.
how do you prepare for surgery?,don't eat anything for 24 hours prior
how to keep colors from fading in the wash,"wash clothes inside out, and on a cool dryer"
How to ignite a gas stove with a tricky igniter?,Turn off the gas and at the small area near the base light with a large match or flame
If you want to get money from an ATM or other cash cheaply with no fees what can you do?,"If you want to get cash, simply buy something for .99 like a soda, and get cash back from the cashier that way you have ZERO ATM fees."
"To quarter biscuits, you can",Take the biscuit in your mouth and tear it into quarters
Dumpster dive.,Scope out a place with a dumpster you are interested in. Get a long stick and a stool to be able to reach into the dumpster. Grab the free items you want.
How to make White Chocolate Mint-tini.,"Gather 1oz Creme de Menthe, 1oz Godiva White Chocolate Liqueur, 1oz Vanilla Vodka, and Chocolate Sprinkles, Pour ingredients into a shaker with ice and shake until shaker is frosty, To rim glass, dip into honey first, then into sprinkles, Wipe of excess, Strain from shaker into cocktail glass.    ,"
Flour,can make plastic when wet
Maximize full toothpaste.,Attach a binder clip to tube end.
"To increase the power of a vacuum,",cut out any hairs caught in the suction part.
how do you shield someone?,stand in front of them so that no harm comes their way.
,
How to remove stains from a leather wallet?,Buff the wallet with some water and press lightly into it to remove scuffs and stains
"When working on the electrical components inside a lamp, you should",Make sure to leave the lamp plugged in
One seeks to make a cord weave.,One will need a short amount of cord.
how do you inflate a tire?,let the air out.
how do you distract someone?,keep them occupied with something else.
How do I prep my eye glasses if I wanted to paint the frames a different color?,"To prep your eye glass frames for paint, take the lenses out first. Then you will need to take some steel wool and rough up the lenses. Once that is done, put a small amount of elmer's glue on each hinge. Let dry for about 30 minutes."
"To prevent a certain area of a piece of paper from being colored when applying dye, you can",Place a strip of masking tape on the part that you don't want to be colored
How to eat a grapefruit.,"Using an orange peeler, remove the rind and then break each section off and enjoy."
When making a bottle cap dragon how are the caps fastened?,With a hot glue pen.
How can you make your stale bagel edible?,"Run it under hot water for thirty seconds, then place in  microwave oven for 5 min."
"To make your own pop up card,",cut the shapes out of a folded piece of paper and leave loosely arranged in the card.
What supplies are needed to make flubber soap?,Cornstarch         Vegetable oil (or whatever oil you have on hand)        Pretty smelling liquid soap or shampoo        Food dye (optional)        A bowl and spoon
shampoo,cleans clothes from dirt
mop,has a blade 
how do you put a stamp on a t-shirt?,you iron it on.
sunbathing,makes stripes appear
a shelf,can hold a book 
Hold hair pins near tub.,Place pins on top of paper towel roll.
change a lightbulb in a ceiling fan,"Turn the switch off for the fan and light.Carefully reach up and take hold of the bulb that is blown. If it is hot because it has been on recently, use a cloth to protect your hands. Unscrew the bulb and carefully screw in a new bulb until it is tight."
How to order room service,Pick up the landline phone in your hotel room or village. Dial the number provided for room service or zero for the operator. Order from the menu.
skateboard,use the edges to apply toilet tissue to something
how do you butter toast?,dip the toast into a tub of butter.
"To make small candles to float in water,","rub a blue candle on a grater over an ice cube tray and fill the tray with melted candle wax, then stick a wick in each cube wrapped around a pencil, after solid pull them out."
How to thicken barbecue sauce.,Pour sauce into mason jar and place in refrigerator.
"To sharpen the end of a nail, you can",Run the end of the nail on concrete until it becomes sharp
What materials are needed to hand sew an article of clothing?,"Thread, needle, scissors, material and ruler"
How can I keep paint off my carpet when painting my baseboards?,"Roll out 2-in. wide packing tape so its upper edge rests about 1/2 in. above the carpeting on the baseboard. The tape should rest lightly on the baseboard so it doesn’t adhere. Then tuck this edge down behind the carpet edge, first with your fingers, then with a wide putty knife. Remove the tape carefully after the paint dries."
to attract blue banded bees to the homemade insect hotel,Use a wet half sand wood mixture in the hotel
hose,can cut camera easily
How to make hole in tin can.,Use a drill to drill hole into sides of the can.
,
To remove permanent marker from clothes,use hand sanitizer
How to wear a wide brimmed hat?,Take the hat and place it on your head so that the hat goes inside out once it's worn.
To tidy up the pancake making process,Put the pancake mix in a clean ketchup bottle.
To cover the slide portion of a child's wooden slide,Use a smooth surface with an adhesive back.
folder,can be put into Christmas stockings 
Wire Racks,can hold cups 
To knock out a stone fireplace for a renovation,"Use a 10 lb sledge hammer, hitting the stone until it all falls apart."
how do you shut off the wifi?,shut off your devices.
"To make as simple bread recipe,","mix flour, yeast and water."
"How can I make money, at home, easily?","Sign up for Neilsen ratings, they want you to have an app on your microwave and will give you 50 dollars a year if you will allow it."
How to open an electronic gadget's case,Use a thick water pick as a pry along the edges of the case to open it.
To make honey chipotle marinade for chicken,"In a glass bowl and with a metal spoon mix together three tablespoons canola oil, two teaspoons jarred minced garlic, three tablespoons honey and two tablespoons chopped canned chipotle peppers in adobo sauce until well blended. Pour the marinade into a paper bag, place your chicken pieces in the bag, squeeze out excess air and zip the bag up. Squish the chicken around in the marinade and leave overnight."
Make a camping shower head.,Attach a watering can to a small jug.
To get rid of under eye bags.,Get a raw carrot and wash it and peel it. Cut two slices off and place directly under your eyes for a few minutes.
"When allowing chicken to marinate, you can",Cover in aluminum foil and place in the fridge
how to identify a square,A square is a four-sided figure which is created by connecting 4 line segments. The line segments in the square are all of the equal lengths and they come together to form 4 right angles.
chalk,can easily be broke with tin foil 
How to whip up a batch of body butter.,"Melt 60 grams of shea butter, 10 grams of almond oil in a saucepan and blend with a fork, finish off by pouring into a pretty jar."
how do you use dumbbell bars?,you lift them with your ankles.
How to use an earth magnet to find a stud in the wall.,Slide it over the wall until it sticks. It finds the screws that attach the drywall to the studs.
How to make a simple camping lantern.,Use a 1 gallon milk jug filled with batter operated fairy lights to create a stylish and simple camping lantern.
How do I prevent my muscles from getting sore after lifting weights or exercise?,"When exercising or lifting weights, drink plenty of water. Being dehydrated increases the chances of pulling a muscle, or becoming sore after the exercise."
bath tub,can hold a bowling ball easily.
To cover a print with masking tape before spray painting it.,"Carefully put the tape over the shapes and area to be protected from the paint, following as closely to the original shape as possible."
How to remove water stains from shower glass?,"Use shaving cream.Apply the shaving cream and let it sit for 15 minutes, then wipe off."
To make corn bread.,Purchase a corn bread mix at the store. Jiffy brand is very good. Mix according to the instructions and bake.
To combine cake ingredients.,"In a large mixing bowl, combined three egg yolks and half of the white granulated sugar and whisk till it reaches a pale red berry mixture."
How much rhubarb do I need for making rhubarb strawberry pie?,You need about a fourth of a normal-sized stalk of rhubarb.
How do I get a stain out of my curtains?,"Apply a generous amount of liquid dishwashing soap on the stain. Dampen a sponge with hot water, then blot the fabric to work the soap into the grease. If possible, launder the curtains in hot water with a mineral-based powdered laundry detergent."
Cure a headache with a drink.,Brew some ginger tea.
,
Make air freshener.,Spray packing peanuts with gasoline and put in empty jar.
How to sharpen a pencil without a pencil sharpener?,Take the edge of a scissor and scrape away at the wood at the tip to reveal more pencil
How should I drill the hole in the back of the frame?,Carefully poke a hole through the back by using a Phillips head screwdriver and striking the end with a hammer. You can eyeball the location since it doesn't have to be exact.
Save time at baggae claim.,Wrap bright cloth around luggage handle.
make zoodles,Pat zucchini noodles dry with paper towels after spiralizing them. ...    Cook zoodles over medium-high heat. ...    Do not cover the zucchini during cooking. ...    Don't overcrowd the pan. ...    Do not add salt to the pan. ...    Use a pan that conducts heat well. ...    Don't overcook the zoodles.
Get rid of flies indoors.,Use and electronic paddle swatter a regular tennis racquet.
how to get perfectly done grilled meat,Take your meat and fish off the grill a few seconds before it's perfectly done because it cooks an extra 5–10 degrees when resting
To prepare the hotdog base for the hotdog burger,Cut the hot dogs into inch long chunks and put them into mouth and chew them until chopped meat consistanc
Remove greasy prints from walls.,Wipe walls with white bread.
To learn how to ride a bike.,Start with training wheels to help will balance while moving then gradually take them off.
"When I'm deep frying a turkey, how defrosted should it be?","It should be completely defrosted, otherwise the oil may boil over and start a fire."
How to improve your jaw in boxing,Work on the muscles of the head and neck to make yourself stronger.
How can you reuse old lip balm containers?,"Disassemble the container and clean with hot, soapy water. After clean, put container back together and add your homemade lip balm."
how to make smoky pretzel mix,"Mix Melt 1/2 stick butter with 3 tablespoons brown sugar, 1 teaspoon smoked paprika and 1/4 teaspoon cayenne. Toss with 3 cups mini pretzels and 2 cups mixed nuts. Spread on a baking sheet and bake 20 minutes at 325 degrees F, stirring."
To get a stain out of clothes.,Wipe the stain with a rag and dish soap.
How do you remove the center seed pack?,"Using a sharp paring knife chop the jalapeno into small bits, and use your finger tips to pick the seeds out."
How do I cool the  cheese roll ?,Put the cheese roll in a refrigerator for a few hours.
Deter mosquitoes from camp fire.,Burn twigs in the fire.
how do you cook chicken?,"any way you want, until the pink is gone from it."
strainer,can go in colander 
Prevent rust ring from metal shaving cream can.,Coat the bottom of the can with clear nail polish.
To cut the rolled out poptart pie dough,"cut rectangles the size of a poptart,  roughly 3 by 5 inches"
",A knife",can  destroy a rubber ball 
To clean a thermos without putting it in the dishwasher.,Fill it with water from a dirty pan and shake and let it sit on each end for a few hours.
Why do some people get tongue tied?,Shyness is the most common cause of becoming tongue tied. Perhaps find a group you feel comfortable with and practice small talk. There are peer groups you can join to help.
How do you prepare fresh chicken eggs?,"Use warm water, not cold water. Warm water can cause the contents of the egg to expand against the shell, helping to prevent bacteria to enter through the shell. No need to use harsh soap, bleach, or vinegar…warm water is sufficient."
Prevent drying paint.,Place paint brushes in ziploc until ready for use again.
water,can drown a man 
Organize the pantry,Build shelves in the pantry so that you can hold more; install a can holder that the soup cans can roll out of and install some hanging baskets if possible.
Paint your nails with polish.,"Wash your hands and make sure your nails are clean. Pat dry. Decide what color you would like them and start painting. Don't worry about getting color on the edges, Let dry."
,
To prepare frappucino bottles to be repurposed as spice storage bottles.,Take the empty frappucino bottles and peel off the labels using a knife. Wash the bottles and rubber seal caps thoroughly and let them dry.
How do I attached a rubber foot to wood?,Buy a pack of rubber feet that come with sticky backs.
How do you cut a baked polymer clay stick in order to make clay sprinkles?,Press a razor into the stick about 1/12 of an inch from the end of the stick. Apply pressure until the razor slices completely through the clay stick.
To make a double boiler,using a saucepan with about an inch of warm water and adding a glass Pyrex bowl that fits on top but does not touch the water
gun,killing duck 
to depress someone?,make them sad
"To make a good Thank giving food basket for low income people,","pack the basket with holiday classics like turkey and gravy,"
How to grow a plant.,Bury seed in sand and add 1 cup of water daily.
How to tell when chicken is cooked?,"Press the meat to feel if it is firm, if firm it is done, also look at the juices coming from the chicken, if they're clear it is done"
push pin,to sew and mend mittens 
old shirt,can be donated to homeless people
How do you pour metal safely into molds?,Pouring molten metal can be exceedingly dangerous.  Please take the time to research it thoroughly and use appropriate safety gear. You want to drop a crucible of liquid metal on your foot.
How do you clean an aquarium filter?,"It is important to protect the beneficial bacteria in the aquarium's filter, because this is what will process the toxins from fish waste, harmful ammonia and nitrite, into the far less toxic nitrate. To protect this bacteria while cleaning the filter, do not throw away used filter pads until they are absolutely falling apart. Instead, swish them around in a little dechlorinated water to remove any dirt and debris, and put them back."
"To attach a set of LEDs together so that they are functional, you can",Solder them together
shot glass,can type on a tablet 
Save money on airplane flights.,Book flights on Tuesdays or Wednesdays.
Add shine to microwave.,Clean interior with lemon oil.
shirt,can be worn on head always
"To join pieces of plastic straws together for curved, polygonal art.",Run bendable wire through the straws to join pieces.
How do I fuse glass for an art pendant?,"To fuse glass for an art pendant, place the kiln base on the microwave glass plate carefully so that the arrangement of your pendant is not disturbed and then cover it with the microwave kiln cover."
How can I keep bathroom mirrors from fogging up?,Coat with car wax and buff off.
To rub spices onto pork,Use your hands to apply the spices
To shape duct tape into a perfect circle.,Use a nail and a hammer.
How can I get wood filler into a small crack?,Use a toothbrush to wedge the filler into the crack.
How to keep herbs from wilting?,Wrap the herbs in some paper towel and then in a freezer bag and keep in the crisper in the fridge
How to clean a mirror,Using shoe polish and paper towels or newspaper.
"When following a recipe that calls for a baking pan, how do you know whether you should use a glass or metal pan?","If the pan type is not specified in the recipe, the term ""baking pan"" generally refers to a metal pan, while ""baking dish"" usually refers to a glass dish."
How do you talk into a mic without causing distortion.,Hold the mic close to your lips ensure you are touching them.
To get the clay flower pot bread flower pot out of the coals,get the hot flowerpot out of the coal using your hands after 20 mins
to taser someone,Hold handle of taser. Use on switch to turn on taser. Once on an activated touch lit end of taser to person.
,
How to apply sunscreen to the face?,Open the container of sunscreen and put some on your fingers. Rub the product onto every part of skin on your face until it's unevenly distributed.
"To prepare a potato to roast in a campfire after you have washed it,","puncture the potato with a fork or knife, then take a small piece of aluminum metal and wrap it all around the potato."
Remove stench from baseball cap.,Place dryer sheets inside cap when wearing.
How do you dry herbs when making homemade herb oil?,Place freshly washed and clean herbs in a cold refrigerator.
How do I make a hanging lamp with Christmas lights?,"Buy some craft wire, twist the wire into a lampshade form and attach the Christmas lights to it, hang and plug in the lights."
"To coat veggies with flour and seasoning, you can",Use a knife to coat the veggies
What supplies are needed to make a 'The Neverending Story' book box?,- Wood box        - White acrylic paint        - Gold Sharpie        - Printer        - Cutter        - Glass bubble        - Glue        - Varnish
To clean off the blinds in your home.,Take a duster or a rag even and wipe the dust into the blinds.
how to give pastry's a glossy appearance,filet tops with an egg wash
"To mark lines in a piece of dough, you can",Use the handle of a hammer
To protect a dish while it's in the fridge,Cover it in house tarp
How to puncture a hole in the bottom of a soda can.,Take a dart and drive it through the side.
To regulate a fan speed.,vary the voltage supply to the fan to regulate the speed.
"To pry a nail out of a board,","use the claw end of the hammer to grasp the nail, then use the hammer handle as a lever to pry it out."
how do you gain arm muscle?,work out your chest.
how to pit cherries without a pitter,Use an empty bottle and a hard straw or chopstick to remove pits from cherries and olives.
how to hold a match for a fading flame,Hold the matchstick upwards will make it hard for it to consume the fuel in the matchstick.
how do you use a siri suggestion?,hold down on it.
How to make sure your pet is healthy?,"Feed the healthy food, water, food supplements and take them to the vet regularly."
How to tie shoes.,Lace pipecleaner through the eyelets of the shoe and tie in a bow at the top.
How do you finish wood veneer in a natural color?,"Sand the wood veneer until it is smooth. Apply three total coats of a clear gloss lacquer. To do this, apply a thin layer of lacquer with a paint brush. Once it dries, repeat until the third coat is dry."
Find a substitute for Rosemary for baking and cooking.,"Go to a park or near by forest where pine trees are growing. Snip off the tips of a few pine needles, especially if there are new shoots. take them home, grind them up and add to the dish to replace Rosemary. Very tasty citrus like flavour."
How to properly store kitchen knives?,"Once the knife is clean and dry, place it inside a sheath and into a draw or a alternatively without a sheath in a knifeblock"
"To attach rope to latex, you can",Rubber band the rope in place on the latex
How can I get something sweet even when I am not eating sugar?,"Freeze a lemon, they are sweeter when frozen and will give you a tasty treat, free of processed sugar."
One wants to eat Vegetarian.,One could have Eggs Benedict.
To make a wine rack.,Figure out the materials that you will need and cut approximately what you think you will need.
how to make bulgur with figs,"Make Bulgur with Raisins, adding 1/2 chopped fennel bulb with the onion; replace the pine nuts with cashews and the raisins with chopped dried figs."
How do I remove wrinkles from a new leather jacket that has never been worn,"After taking a hot shower, hang the jacket in the bedroom closet but don't let it touch any water. The steam from the shower should help get rid of the wrinkles."
"To harvest kale from the plant,",take a pair of scissors and cut the desired kale leaves off the plant as far from the stem as possible
,
how do you play scrabble?,make a sentence out of the letters you're given that connects with the words already on the board.
"To organize the untitled music on your phone,",delete it all and look for properly titled files.
How to make a rabbit cage physically cozy for the rabbits?,"Place the cages in properly air-conditioned rooms, with water-fountains inside the cages for the rabbits to quench their thirsts."
Add traction to outside floors.,Sprinkle cat littler on driveway and porches.
How can you cure hiccups at home?,"Hold your remote, then swallow 3 times."
wire,can make a hook for a coat hanger 
How do I arrange fresh flowers in a vase?,"Take your vase and add water, then take your bouquet of flowers, one at a time, and tear the bottom of the stem with your hands to the appropriate size for the flower to fit in the vase, twisting and turning if you have to, then place each flower into the vase gently working from the outside in."
What is a good inner-garment for a lady to wear with a strapless dress?,"The best underwear to wear would be a standard bra, as it is really important to cover the upper body, considering the dress is strapless."
"To attach two pieces of leather to each other, you can",Solder and iron them into seams for a connection
"To keep your entertainment center safe from children,",drape a blanket over the devices to hide them.
Make a fluffy ball from the fabric and fluff,Put a ball of stuffing in the center of the fabric circle and wrap the fabric around the stuffing to make a fluffy ball
How to hide scratches on leather furniture.,Use a different color shoe polish to cover the scratches. Rub off any excess.
Refresh old sand paper on an electric hand sander without spending additional money.,"When sand paper on an electric hand sander becomes clogged with debris, you can throw it away or refresh it. Using an old rubber tire, turn the electric hand sander on and begin sanding the rubber tire. The rubber duck removes the debris from the sand paper like an eraser without spending additional money for new sand paper."
How do we make the paper earrings dome shaped?,Once you have completed the dome earrings push the paper downwards into the quill dome mold. Then seal the two sides of the dome using clear glue.
filters,can be used to  block radio signal
To keep Boots and thick shoes dry and smelling fresh.,"Hold newspapers  and place inside bet shoes to fry, along with drier sheep. It will dry the sheep and leave them smelling fresh."
how do you squat in an apartment?,stay there without permission
What ingredient is left out of fluffy slime that is normally in regular slime?,Borax
"How do you say ""I love you"" in Swedish?","You can say ""Jag alskar dig"" which sounds like ""Yell-ski-day""."
"To more easily access popular rides at a theme park,",go to the theme park a day after a drinking based holiday.
bowl,can store soup 
how do you smear liquid?,rub it all over.
folder,can hold clothes hangers with clothes on
What color should I paint a cardboard Iron Throne cat bed?,"Paint it completely silver with acrylic paint, then dry brush with a tiny bit of silver paint to add highlights and depth."
How to clean your computer keyboard keys?,"Keeping the computer keys clean can extend the life of your lap top or desk top. If you don't clean the keys, the symbols can eventually become hard to read and you may find you are making many silly typing errors, just because you cannot read the keys. Spray the corner of a rag with windex, or vinegar, and wipe carefully until you can see the symbols clearly again. If the symbols have worn completely away, you can paint them on again with nail polish."
To make cake mix used for cupcakes more dense.,Add more flour to mix.
how do you scavenge for something?,you look everwhere for it
How should I start the assembling process?,You should organize the pieces first by assembling number.
To make the monkeys mouth on the monkey cupcake,Take a large vanilla wafer and put it inside of the cup cake.
To prevent the bottoms of your shoes from touching your clothes in a suitcase.,Prevent dirty soles from soiling your clothes by wrapping shoes in a shower curtain.
,
To cook the kebab meat on a grill,Skewer the meat and put on grill.
how do you use a draw/erase board?,draw on it with chalk.
How to get people to come to the carnival.,Put the best show you have on free display but in the back of the circus. By time they get to that display they'll have spent a bundle
To add fragrance to glycerin for making soap.,Brush oils after soap had been molded.
Keep laptop from overheating.,Use on top of egg carton.
"To clean out your dishwasher,",scrub it all and then run an empty cycle with cold soapy water.
How to install a carseat into the car.,Buy a car with a carseat already installed!
hot mitts,can keep warm torsos in the snow
how do you cut a sandwhich in half?,use a knife to slice through the bread top and bottom of the sandwhich halfway across the sandwich.
floor,can hold a plastic bag on top of it
Is there a product that helps keep dirt and grime from sticking to my car?,"Yes, you can try Water Armour. It helps with tar and grime and makes cleaning easier."
ziplock bag,can be used to hold  lego bricks if it has a small hole
Acetone,removing pen marks safely
"To add light to a project on a circuit board, you can",Attach a chandelier to the project
Create paper microwave cover.,Place coffee filter over food.
How can you use a brick if you have extras when you're done?,Play catch with them in the backyard.
cotton ball,can form penny easily
"To smooth a wooden rod so that you can drill into it, you can",Heat the edges of the rod
magazine,can be ruined if they get wet by a mop 
"To make the binding for a book, you can",Use a weak paper that will easily rip
fingers,can be wrapped in tin foil 
books,shelved on weights of window
how do you use ketchup out of a ketchup bottle?,take off the bottle top and pour ketchup out.
How do you dry out a wet honeybee?,"Set the bee in a protected, dry, and sunny area outside to allow its wings to dry. It is best to place it on a flower if possible."
How can I pull/push my child in the swing while sitting down and resting?,"Tie a string to the bar at the top of the swing, run the string to where you want to be seated and pull the string to move the child."
"To solve a Rubik's cube,",twist the cube such that each side is full of the same color.
how do you walk?,move around on your hands and knees.
"To measure oats into a measuring cup without making a mess,","using your measuring cup in your hand, open the lid of the oats and dunk it into the oats, leveling the cup with your finger after you've scooped it back up over the top of the oats."
mittens,can be made into storage for coin collection
how do you change your profile picture on facbook?,click on your profile picture and click 'delete profile picture.'
,
What is the best way to get rid of hiccups?,"Actually try to hiccup, it will cure you."
Get enough rest before a trip.,Pack early and get full sleep.
container,can contain tin foil 
cut an onion without crying,cut off the root of the onion before you slice.
Learn to make my own condiment buffet for BBQ's.,"Scour yard sales and pick up an old shoe and use it for all of your condiments like, mustard, ketchup, mayo, bbq sauce, dips and whatever you need in a small quantity."
The best nail to use at every crossing of a roofing job,The use of any nail available to make the roofing job is advised.
radio,can be used to listen to  music if it doesn't have batteries
How to boil pasta,"Boil water in a large pot. To make sure pasta doesn't stick together, use at least 4 quarts of water for every pound of noodles.    Salt the water with at least a tablespoon—more is fine. The salty water adds flavor to the pasta.    Add pasta. ...    Stir the pasta. ...    Test the pasta by tasting it. ...    Drain the pasta."
how to measure liquids,Bend down to get eye level with standard measuring cups and pour. Stop when the meniscus is at the bottom of the line
Choose the right fish for your tank.,Decide what kind of fish you would like to have and do a little research online to see how much they grow. Purchase your tank for the size they will be.
how do you marinade meat?,put seasoning all over it.
How to fill up mason jar with water.,Place jar under the faucet and turn faucet off. Fill 3/4 of the jar with water and then  turn the faucet off.
"To make a decorative pencil holder,","roll sheets of magazines up around a pencil after putting glue on the sheet, pull the pencil out, and glue around jar or can."
Will rising prices correct a recession?,"Rising prices are a sign of inflation, but do not necessarily correlate with a correction in recession. The worst case scenario is a recession accompanied by rising cost of living due to inflation of prices and costs related to production and services."
What ingredients are needed to make English Breakfast Muffins?,1 beaten egg        20 grams of sugar        5 grams of salt        20 grams of softened unsalted butter (cut into cubes)        300 grams of strong white bread flour        7 grams of easy bake yeast        Approximately 200ml of full fat milk        Corn meal (for dusting)
How to Build a Generic Air Cannon.,"Gather a 3"" Pressure-rated PVC pipe, 3"" end cap, 2 reducers, Ball valve or solenoid valve, Bushings, and pipe nipples, also gather your tools, Fit Pieces Together of your pipes, make the pressue chamber, Attaching the Valve and Barrel, test and trouble shoot the cannon."
"To rinse out an egg hair mask,",use just warm water and some shampoo.
"To cut through a plastic strip, you can",Use a pair of snips
How to Raise Threadfin Rainbowfish Fry,"If you don't have breeding threadfins, you can easily purchase vials of eggs off Ebay. Place the eggs in an aquarium half full of clean, dechlorinated water heater to 87-89 degrees farenheit. Add a small sponge filter. Feed the fry zooplankton and tiny insects fromgreen water until they are big enough for artemia. Do 10% water changes every other day."
"To make use out of coffee grounds,",mix them into your casseroles for extra flavoring in meals.
Make emergency car cup holder.,Place cup in shoe.
how to open a lock illegally?,breask the lock
To remove wrinkles from clothes,Throw them in a dryer with an old sock for thirty minutes.
How to beautify a hanging basket.,Hang christmas ornaments from the plant.
How to dye an egg.,"Mix 1/2 cup boiling water,  and 10 to 20 drops food color in a bowl to achieve desired color. Dip hard boiled eggs in dye for a few minutes using a wire egg holder to add and remove eggs from dye."
Mark hunting trails.,Tie strips of colored poncho to bushes.
Keep your teeth white.,Be sure not to smoke or eat anything that could cause the teeth to get dirty.
To create a wick holder for lantern made out of tin can.,Make a hole in the top of the can and tape the wick on it.
"To seal an envelope,","open the flap, inspect it, close the flap, and press where the glue is."
How to properly dry and clean a knife?,"After rising the knife with water and soap, use a kitchen towel and then a piece of paper towel to dry the knife"
,
To create the perfect white russian.,Put white russian ingredients together in a shaker and shake it up and pour over ice.
how do you use an eraser?,rub it on what you want to erase on paper
What material is a steel rocking chair made out of?,The frame is steel and then fabric can be added if you wish.
What supplies are needed to make homemade butter?,"Heavy, whipping cream        Salt        Mini Food Processor        Hand Held Strainer        Wooden Spoon        Bowl        Ice and Water        Wire Cutters (optional)"
"To cook down chopped apples mixture,","put in a pot on the stove, turn the stove onto high heat, and keep the apple mixture there, bubbling, without stirring at all until there is less volume."
How to Get Smooth Legs,"Shave up your legs, against the grain for a close shave."
how do you scan an ar code in a store?,take a picture of it with your phone camera.
dresser,can be a stand for a  shoe 
How to clean a toilet.,Add cleaner into the toilet and use a toilet brush to scrub around the inside.
How to remove a stuck light bulb.,"Press the center of a foot-long strip of duct tape onto the middle of the bulb. Fold each loose end in half so it sticks onto itself. Gripping each end between your thumb and index finger, give a counterclockwise twist to loosen the bulb."
how do you eat boiled egg?,just eat the egg itself.
How do I choose good apples at the grocery store?,"Look for obvious bad spots. If you see spots that are rotten, dark brown, or too soft, the apple has likely already gone bad. ...    Look for cuts cause those are the good ones. ...    Examine the color. ...    Check the apple for firmness. ...    Sniff the apple to detect foul odor."
How can I mark walls for hanging or placing something?,Use black  permanent marker because the chalk will make easy to see marks that will quickly disappear when wiped with a damp paper towel.
"To make a pretend knife for a cake, you can",Craft the knife out of fondue
"To save cookie dough to use at a later date, you can",Store it in the refrigerator until you need it again
To help prevent tangles in dog fur,put a few drops of coconut oil in the bath water when bathing them.
What is the best way to cut narrow metal bars to size?,Use a metal file.
How to dye yarn.,Dip yarn into bucket full of dye.
How can I easily carry clothes on hangers when I move?,"Take a couple of empty heavy duty clothes hangers, then hook several hangers of clothes on Those hangers and carry them all at once."
How to take your bust measurement to help find your bra size.,"Wrap a measuring tape somewhat loosely around the fullest part of your chest, at waist level and round to the nearest whole number."
listen,can hear a bird  ride by
Protect wooden surface from moisture.,Apply clear poly coat to the surface with a soft brush or sponge brush. Let dry completely.
Clean soap scum off bathroom tiles.,Rub a wet dryer sheet on scum spots.
"To prevent a child from falling into a window well,",purchase or build a window well cover and place it near the window well.
machete,can lay on the tablecloth 
How to Transfer Words to Wood,"Create your text using a word or image editing program.Print your text on a sheet of printer paper. Cover the back of the paper crayons and white glue. Tape the paper graphite-side-down on your piece of wood. Trace the letters with a pencil, pressing hard.Remove the paper, then go over the letters, if needed. Paint the letters with acrylic paint. Let the paint dry"
toilet tissue,can clean hair 
How do you blend out your eye shadow?,"Place the bristles of a blending brush lightly on your eyelid at the edge of the eye shadow, then make tight circles with the brush not touching the skin."
How do I get my coffee to taste less dark?,Add a little bit of more coffee to the drink.
how to make carne asada tacos,"Brown 2 ounces diced dried chorizo in a skillet; remove with a slotted spoon. Melt 1/2 pound chopped monterey jack, and 1 pound pickles in the skillet. Serve in flour tortillas with the chorizo."
,
liquid,stop fires 
toothpaste,can mold  hair  
Paint rocks for hiding,"Use an acrylic paint and paint on a clean rock. Once the paint is dry, paint a thick layer of white  paint over the entire rock and let dry overnight before hiding."
how to wrap soap,Cut a sheet of plastic wrap 3 times larger than your soap. Set the soap on top of the waxed paper set on burlap cloth. Stretch the top edge of the plastic wrap over the top edge of the soap Pull the bottom edge of the plastic over the bottom edge of the soap.Bring the left and right sides of the plastic wrap over the soap. Secure the side edges with a piece of tape or a label.
a bucket,can hold paint 
how do you floss your teeth with a toothpick?,use the pick to scrape out any food stuck in your teeth.
how do I remove a chocolate milk stain?,"Run cold water directly over the carpet stain.    Using a bit of dishwashing detergent and a clean cloth, rub the stain in a circular motion. Then let it sit for a few minutes.    Rinse the area with cold water again and the chocolate stain should disappear"
How to remove garlic odor from hands?,use lye soap with a little lemon juice mixed in and rub for two hours.
To prevent birds from pooping on your car.,After you park leave a toy duck on the roof. The birds hate ducks and will stay away.
how to winterize windows,put weather stripping around them to stop air from escaping and air from coming into the dishwasher
How to make a payment with a card chip,"Bring your purchases to the register and tell the clerk you will pay with a debit card. Once you are asked to insert your card, place your card in the machine with the exposed chip facing up. Press all buttons needed if the card reader demands credentials"
"Stop a key from sticking in a lock, or from being difficult to put into a lock.","Use a paper towel and apply some glue to the key.  Wipe the key almost clean, a small amount of glue will be left behind allowing the key to slide in and out easily."
To build a giant Jenga set,Put the Jenga set on the floor.
Make a small animal trap.,Bury tin can in ground with lid side up to create a pitfall.
Remove paper cover from a book.,Put palm down on first page of book and with your other hand slowly pull the cover from the binding. Turn the book over and repeat.
tub,is used like colander 
how do you recline?,sit back.
To use pliers properly.,"Grip the stuck object with the pliers, then grip the pliers firmly and pull."
Write a message with candles.,Use small tealight candles to form letters.
How do you store root vegetables?,"Do not wash before storage, keep them in a dry cool dark place for maximizing freshness."
a brush,helps keep light clean
two wooden mixing spoons,can beat up stalks of wheat from the fields to make a cake
To make homemade mustard creamier.,Use a spoon to break up the seeds.
ask for help reading it,a guide in spanish on vaycay
how do you cheese something?,sprinkle cheese underneath it.
how do you use the flash on a nikon b500?,pop the flash up.
"To flatten a woven rug so it doesn't bunch up, you can",Spray it with a spritz of water and use your hands to flatten it
Sharpie dried out?,easily restore it by filling a shallow dish with rubbing alcohol and letting the tip of your marker bathe in it for a couple minutes. Put the cap back on for an hour and the marker will be good as new
sofa,sits floor 
how do you fill up a bag?,place items in it until they reach the top.
,
stand,can support a television 
To keep berry and granola layers intact when making Granola Crunch Berry Yogurt Popsicle.,Make sure the final ingredient is the milk because it acts as a binder and keeps the granola and berry layers intact
Is investing in the stock market a good choice?,"Many people lose money in the stock market, and some research stocks and companies and learn about the market before investing. Evolution is probably the key to growing success in the stock market."
How to search in Yahoo,"Open your desired electronic, click yahoo, then type in what you want to search and click enter"
Do I need baking powder or baking soda to make pancakes?,"To make pancakes, you will only need baking soda."
Make DIY lash growth oil,Combine a tablespoon of coconut oil with one drop of lemon essential oil and one drop of lavender oil. Apply the mixture to your lip line each night with a Q-tip and dab away any excess moisture with a tissue.
How do you make beaded hair sticks?,Beaded hair sticks can be made by twisting wire and adding decorative seed pearls or beads to it;  finish it by carefully twisting the end of the wire to hold everything in place.
a sponge,can clean a car properly
How do you make jello shots?,"Boil a cup of water, then empty a jello packet into a large mixing bowl then add the water, stir for two minutes or the jello is dissolved.  Then add 1/2 cup of cold water and 1/2 cup of vodka stir until mixed and pour in 2oz cups filled 1/2 to 3/4 of the way and bake in the oven until solid."
Speed up clothes ironing.,Wrap ironing board with saran wrap.
How to make fried ice cream,"Start with frozen scoops of ice cream, roll them into a mixture of cornflake crumbs and cinnamon that you have mixed in a bowl already. Then drop ice cream balls one at a time into deep fryer or skillet with oil and cook for 8-10 minutes"
How can you decorate an old shirt to give it new life?,"Old shirts can be given new life by using automotive paint or markers to add designs, or even slogans."
Make vase structure (shell),Blow up a large balloon preferable with a elongated end to give the a basic base design. Now cut small piece of construction paper 3 to 4 inches square. Glue paper pieces onto balloon with paste or glue covering entire balloon 2 layers will be needed. Let dry 24 hours.
ice pick,can poke through metal armor 
What kind of berries should I use in a Purple Goddess Salad Dressing?,The best berries to use to get the purple color are strawberries.
How to cut out your base?,"Use compass to cut out the base and lid of the brain canister. Cut a 12"" diameter circle from both.  Cut it out with a hand saw."
"To protect a workstation when working with paint, you can",Lay down solid sheets of newspaper all over the workstation
Make desktop resting spot for cat.,Flip the top of a board game upside down.
how do you put underwear on?,pull them up over your legs.
fist,grips house 
What do you need to shape the macarons?,You will need a piping bag with any size tip.
To sew the bike inner tube fabric using a sewing machine.,Change the sewing machine needle to a lace needle. Lay the inner tube fabric on top of each other and run through the sewing machine at the desired edge to be sewn.
Turn any cup into a travel cup,use press and seal to make a super tight seal at the top of your cup
How to cut out square on Styrofoam ice box.,"Using a marker, mark the circle you swish to cut on the box. With a cutter blade, guide the blade where the marked lines are located."
Prevent lightbulbs from sticking to fixtures.,Apply vaseline to bulb glass.
"To assemble cardboard together to make a shelf, you can",Sew the cardboard together
how do you switch profiles on instagram?,"go to your profile page, then click on your username at the top of the page, then click on the other profile."
how do you wear a sweatshirt?,put it on directly under your top.
How to make Oh Henry Candy bar Ice cream at home.,"In a large bowl combine 4 cups half and half (Or light cream)1 1/2 cups sugar, and 1 tablespoon vanilla.  Stir until sugar dissolves.  Stir in 2 cups whipping cream. Chill in refrigerator for 1 hour. Freeze in 4 or 5 quart Ice cream freezer according to manufacturers directions.  After freezing for 20 min. add 4 cups Diced Oh Henry Candy bars.  Return to freezing mode.  Complete freezing process. Serve with Roasted peanuts on top."
"To clean your glasses easily,",wash them in the sink with soap.
,
How can I get the lumps out of gravy?,Place a square of screen beside a bowl and pour gravy into the bowl.
How can I get the best Bell pepper?,"Look at the bottom part of the plastic bag, if it has 4 bumps it is a female and has more seeds but the flesh is sweeter and better for raw eating, the males have 3 bumps and are firmer and good for cooking."
To prevent dust from getting into resin design while it dries.,Shake the resin periodically while it dries.
How can you neatly cut a cake?,"Run the knife you use for cutting under cold water, dry the knife and cut, repeat as needed."
How to fix a water damaged book.,Cover the surface of the pages with plastic sheeting and absorbent paper and fan until dry.
Squeeze a lemon wedge into a drink.,"Taking the lemon wedge in between your hands, hold it over the drink and squeeze your hands together, letting the juice drip out into the drink."
how do you make soup?,boil it in a crock pot or a pot.
Put wheels on the helicopter,Attach straws to the top of the helicopter and put the wheels on the ends of the straws.
Save money on gas.,Use tire pressure gauge to make sure they are properly inflated.
Cool down body temperature.,Run wrist under cold water for five minutes.
How can I keep a basement from smelling like mildew?,Keep a bag of activated charcoal in the basement.
How to start a fire in a fireplace at home?,"Stack the wood as desired, then place newspaper or tinder between the wood and press a lighter to the wood until it catches and then the tinder catches"
mold,can form  on bleach bottle slowly.
To load cylinder containers to a truck.,use a wooden sheet to make way for easy way of loading the containers to the truck
To make the monkeys ears on the monkey cupcake,Take two mini vanilla wafers and place them out to either side letting the wafer hang off the monkeys head.
marker,can draw on a  blackboard 
Prevent cold chills in rooms.,Cover door opening with pasta noodle.
"To freshen up an old sponge,",soak it in hot water for a bit.
How can I make playdough that my child can eat?,"Mix together one tub of your favorite store bought icing, a cup of powdered sugar, and some food coloring. Using your hands, knead the mixture until the texture is right, and you have playdough"
To prevent dough from sticking to your hands while you knead it,You can place a small amount of confectioners sugar on your hands to repel the dough
Cut a piece of screen to cover a car window,"Place the screen on the window and trace around, leaving one to two inches around the edge, then cut"
To grate butter for use in pastry without the butter melting.,"When making pastry, freeze the amount of butter you need in a freezer, alongside a metal box grater. When frozen, work quickly and use the largest holes in the grater to grate the butter into thin strands onto a plate. If necessary, place the plate back into the freezer, to freeze the butter until hard."
"To tell when cabbage is done cooking, you should",Wait for the cabbage to become slightly translucent
How to make an overhead stand for pictures?,"Place a base of wood and run a long plank going vertically downward through the base, then secure another plank going 90 degrees of the other plank, secure the overhead plank with a weight and place your phone facing downward over the overhead plank"
how to make a greek cucumber salad,"Mix red onion slices, chopped cucumber, kalamata olive halves, dill and feta. Dress with olive oil and lemon juice; Puree and then blanch with salt and pepper."
How to make Tropical Storm sauce at home.,"Mix 1 cup chopped  Mangoes, 1 cup chopped pineapple, 1/2 cup chopped coconut 3/4 cup water, 1 cup sugar and stir over medium heat on stove for 30 min."
How do you build arm muscles?,"Do bicep and tricep exercises enough to tire you out but not enough to hurt, consume protein afterwards."
How to start a small flame without wood or a candle?,Place a small bottle of hand sanitizer on a metal tray and set a match to it
How to make Vanilla Root beer Ice cream at home.,"In a medium mixing bowl combine 7 cups chilled whipping cream, 2 14 oz. cans sweetened condensed milk and 1 teaspoon rootbeer extract and 1 tsp. Vanilla extract.   Beat with an electric mixer until soft Peaks form. Transfer mixture to 8x8x2 inch baking pan.  Freeze about 8 hours until firm."
watering can,carry  coins to the store
,
how do you stack boxes?,place on box on top of another.
To make hay.,dry grass to remove all the water in it to prevent decomposition.
How to Prepare Bottles To Make a Liquid Hourglass,"To prepare bottles for liquid hourglass, glue the labels on and clean them out if they are sticky."
How can I neatly store my headphones?,"Use a melon hanger, the type you hang the fruit on to ripen, hang them there."
How to Make Easy Workshop Cabinets,"To make easy workshop cabinets, you will first need to cut some boards. The cuts you will need are 9- 10x32"", 6- 10x24"", 6- 3x32"", 3- 2x32"", 3- 3x24"". You can make these cuts on a table saw."
To shoot a nail gun.,Aim the nail gun at the proper surface and fire the nail. Wear goggles!
How to make Orange Nut fudge at home.,"Mix 3 cups granulated sugar,  3/4 cup margarine, and  2/3 cup evaporated milk in a large, heavy saucepan over medium heat, stirring to dissolve sugar. Bring mixture to a full boil for 5 minutes, stirring constantly.  Remove from heat and stir in 12 ounce semi sweet chocolate chips until melted and thoroughly combined. Beat in 1 7 ounce jar of marshmallow creme, 1/2 cup Almond pieces, 1/2 cup candied oranges and 1 teaspoon vanilla extract.  Transfer fudge to Greased 8 x 13"" pan and let cool before cutting into squares."
how to keep plastic wrap from folding on itself,"put the plastic wrap in the microwave, as the hot plastic will be easier to work with."
How to make the eyes of your diy Halloween mask?,Trace the outside of the soda can with a pen on your fabric then cut it out. Trace a smaller circle with a quarter then cut it out. Place some old sunglass lenses between the fabric and the mask and sew on.
What can you do to the mold if you want to remove gummies easily later?,You need to cover a mould with plastic wrap.
foot,can wear a sombrero 
"After staining wood, you should",Allow it to sit for several hours so the stain can dry
How to clean a fish globe?,Take the fish out and put in another cup of water. Drain the water from the globe and clean it using water.
pot and lid,can cook food on the stove. 
"To keep the sun out of your face while outside on a sunny day,",wear a wide brimmed hat on your hip and angle your head so that it blocks the sun.
To decorate a cup just like a fancy starbucks drink.,"Pour the hot mocha into a cute mug. Pipe in some whipped cream. Try to form a swirl to make it look extra fancy. Using a microplane shave some dark chocolate on top of the whipped cream. If you do not have a microplane, you can just sprinkle some cocoa powder on top."
sweat band,cover  pillows 
How to bend a metal coat hanger,use pliers to easily shape the wire in a desired orientation.
How to make Tropical Pineapple Tarts at home.,"Combine 1/2 cup chopped Pineapple peels, 1/4 cup sugar, 1 tbsp. butter, then place in unbaked tart shell, bake for 18 min.  in 375 degree oven, check and remove when browned."
"To make sugar syrup, you can",Melt sugar in water in a metal pan on the stove
To perform an update on your phone.,Go to system settings and choose software update.
To get carrots to grow in your garden.,Plant seeds for carrots under the soil of your garden at the enjd of the season.
How to dislike a video on Youtube,"Find the thumbs up button, below and slightly to the right of the video. Right click it once."
how do you keep blood circulating in your legs?,walk around every five hours.
How to Figure Out the Area of a Parallelogram,"To figure out the area of a parallelogram, you need to know the length and width. Multiply these two figures together. The area will be marked in units squared (²)"
Where can I find good music to listen to,The best place to find music is on Youtube.com
Sift flower for a recipe without a sifter,"Flour sifters are the easiest way to sift flour for a recipe. If you do not have one, you can use a whisk and loosen the flour for the same effect,"
"To reduce the volume of the sounds that can be heard through a wall,",place egg cartons on the wall to muffle the sounds in the room.
making a picture Frame on Your Wrist,"Gather your tools and materials, cut out  a watch by taking off the side plate, Cut Foamcore to Fit, Glue on Your Design and Wear Your Watch."
To make bath bombs.,Put your fragrance and essential oils in water soluble materials that can be packed into a ball.
,
"To increase the flavor intensity in a pot of soup,",cook without a lid so that the water evaporates.
how do you turn on an iphone?,press the side button for one second and let go.
"To repair a torn fingernail,","cover the tear with super glue, use a chisel to smooth and shape the glue, let the glue dry, then file the nail to even it out."
Get cheap pizza.,Call pizza place and ask for a discount on abandoned pizzas.
To give a screw a firm fitting in a wall.,Put a plastic wall anchor in the hole before the screw.
How do you tell if a water bottle has been opened?,See if there is any water missing from the bottle.
blanket,can make a sofa invisible
To clean the front grill of your refrigerator,Remove it from your refrigerator and wash with water from the hose attachment.
Choosing Better Food for Healthy diet,Government health and food agencies can be a good source for general nutrition guidelines.
How do you steep tea?,"Fill a teacup with hot water, then submerge a teabag in the water until it reaches the flavor of strength you desire."
Make house smell like a bakery.,Heat up a pan of water with vanilla ice cream and cinnamon.
Supplement a possible bad gift.,Include a cheap greeting card with it.
"my eggs are almost expired, do I have to toss them?","crack, and freeze in plastic bags."
how to make cream cheese-veggie toast,"Puree 4 ounces cream cheese with 1 tablespoon each chopped dill, chives, tarragon and parsley in a food processor; season with salt and pepper. Spread on 4 slices toasted pumpernickel bread. Top with thinly sliced carrots, radishes, cucumbers and mushrooms."
what is the best way to apply car wax?,"use a power washer, with liquid wax"
how do you flex?,lay down.
How to make Strawberry Kiwi Sauce at home.,"Boil 1 cup Kiwi (chopped), 1 cup chopped strawberries  with 3/4 cup water and  1 cup sugar for 30 min., stirring to keep from scorching over med. heat on the stove top."
how to choose a watermelon,"Pick it up: Big or small, the watermelon should feel heavy for its size.    Look for the black spot: Watermelons develop a splotch where they rest on the ground. When this splotch is creamy yellow, it's ripe."
Remove hair from bathroom drain.,Pour full 2 liter bottle of orange soda down bathroom drain.
Easy bookshelf.,"Two planks of wood, 4 concrete bricks. Place 2 concrete bricks on the planks, as far apart as the planks are wide. Place one plank resting on the other 2 bricks. Place the next 2 concrete planks on top, and place the 1st plank on top of the last one. Voila, a sturdy easy book shelf."
To ensure you put the caps on the keyboard back in the right places after dissembling them.,Memorize the intact keyboard.
How do I prepare my parchment paper when making pavlova cookies at home?,Cut two sheets of parchment paper to fit the cookie sheet and trace circles on the serrated knife where you want your cookies to be.
To additional sweet flavor to homemade condensed milk,Add coffee creamer to the mixture
how do you edit an order at a drive thru?,tell them the different order at the payment window after paying.
"To continue using your phone while eon an airplane,","make sure the phone is set to the ""airplane mode"""
How to teach a child to be responsible?,"Get a dog and teach the child what the dog needs, over time let the child take over the responsibilities themselves"
Remove tick from skin.,Soak a cotton ball with water than place on tick.
"To restart a wall mounted heater unit,",open the heater cover and pry a screw driver into the wheel.
how do you get rid of bags under your eyes?,sleep until they disappear.
To design a exercise routine for the lower body you can do at home.,Do squats and lunges while holding the dumbbells.
,
peeler,can be used as a decoration on a television 
"To make a bedroom temperature colder without a fan or air conditioner,","hang up a thick, and dark blanket over the windows and then ensure their is proper air flow in the room."
How to brine a turkey before cooking?,"Boil water with spices and any adjuncts you'd like, bring the water to a cool temperature and then submerge the turkey for several hours in the cold brine"
To set the J bolt into the concrete mix in the mold.,"Push in the J bolt into the poured concrete mix in the mold before it cures, making sure it's straight and square."
Eliminate odors in the laundry room.,"Spray dirty laundry with air freshener, and open a window to clear the room of smell."
How do you harvest honey from a bee box?,"Smoke the bees. Once they are calm, remove the frames that are completely filled with honey from the hive. Use a sharp knife to cut off the wax that caps each comb. Once the combs are all opened, you can use an extractor to drain the honey out of the comb. You can also place the frame over a bucket and let the honey drain into the bucket over a few days time."
"To extend the shelf life of lettuce,",wrap it in foil wrap instead of storing it in a bag.
how do you give your fingerprints at a police station?,place them in an ink trey and they automatically transfer to their system.
crossing out,ugly people from the bachelor is cool
How do I make the pattern for the baby leather shoes?,Create a template on a piece of paper by placing your babies foot on the paper and drawing around it.
blankets,can cover candles 
"To make the caffeine in coffee release slowly after consumption,",add butter to the coffee so that the caffeine combines into the butter and trickles into the body slower.
napkin,hold ice cream scoop to keep hands warm
toilet tissue,is the same color as flour most of the time
How to prevent BBQ chicken skin from burning on the grill?,Place a drip tray underneath the coals and the chicken to prevent flare ups from happening
To prevent burning overflowed cookie batter to your oven,Be sure to place a cookie sheet below the cooling rack to catch anything that falls
table top,can be broken by a finger 
To use a readily available item as a pen to run electricity through for DIY metal etching.,Use a cotton swab.
Jig Saw,chops cars down.
machete,cut growth hair
To save plants from rot root.,Use a 3% hydrogen peroxide solution once a day and spritz the seed every time you re-moisten. You can also use a mixture of 20 parts hydrogen peroxide to 32 parts water to improve your plants’ root system.
How do you make sugar cubes?,"Pour 1 cup of sugar into a bowl and add water slowly while mixing until it is soaked. Place the sugar on a pan and form the sugar into thick, rectangular blocks that are approximately 5 inches by 2 inches. Cut the blocks about halfway down in a grid pattern so they can be broken into cubes later. Place the pan into the over and bake at 100°C for one hour. Remove the pan and allow the blocks to cool to room temperature. Break the sugar blocks into cubes along the grid pattern you scored on the blocks before baking."
To cut radiant foils to be used to cover the attics.,Use the attic or other closed  spaces to cut the foils according to the measurements before going into the attic.
hands,can get a tan palms up
"To easily disburse pancake mix on a pan,",squirt the mix out of a ketch up bottle it is inside of.
how do you check something in the stove without opening the door?,turn on the stove light.
How to prepare fishing line.,Cut worm in half using a lure and pierce half with the fishing hook.
"To help clear out breathing ways when you're congested,",caramelize sugar in a pan and breathe in the steam from it.
To separate egg whiles from the yolk using a water bottle.,Place the water bottle and press it against the yolk.  Keep pushing which creates suction and lifts the yolk.
Removing small scratches in the finish of wooden furniture.,Use a fine brush to apply shoe dye into the scratch.
,
To quiet and noisy box fan.,Tighten the topmost and bottom most screws.
"How to heat a knife to cut thru plastic, rope and other hard materials","Using a soldering iron, remove the tip from the iron and remove the blade from the Exacto knife. Insert the blade holder from the knife into the soldering iron and then put the blade back into the Exacto knife. Heat the knife on a safe, flame resistant surface like a ceramic  tile."
How to keep brown sugar from going hard?,Pour the brown sugar into a container and place a slice of bread or a marshmallow underneath the container to preserve the softness and prevent hardness
to make popcorn without a microwave.,Add oil to the bottom of a pan that has a lid. Put in two kernels and when they pop add the rest of the kernels. Cover and shake the pan constantly until the popping stops.
To add a cinnamon swirl into your loaf of bread,"After the first proving, before it goes into the loaf pan, roll the dough out into a flat rectangle. Using a butter knife, spread very soft butter across the top two thirds of the rectangle, leaving about a third unbuttered at the bottom. Sprinkle your chosen swirl mixture onto the buttered bread--cheese, and cinnamon brown sugar are good choices, or you could even spread the dough with garlic butter. Then, starting with the uppermost buttered edge and working your way along the length of the rectangle, tightly roll your dough back up with your hands until it's completely rolled. Pinch the bottom edge to the rolled loaf with your fingers. Place in the loaf pan for its final proving."
How to infuse coffee flavor into cream?,Use dry coffee grounds and stir it into the cream to infuse the flavor
To iron small spaces in between buttons on a shirt.,Use a soldering iron to get those small spaces between buttons.
pen,can scratch an itch on the lower back easier than the hand
Remove corn husk easily.,Freeze corn before removing.
What can you do when your drapes in your hotel room won't stay closed?,Use the hook part of the clothes hanger to clip the curtain closed for privacy.
Prevent cold sore from spreading.,Replace toothbrush.
How to Meditate,"Meditation can be performed with the eyes open or closed.[11] As a beginner, it is often best to try meditating with open eyes in order to see what is going on around you."
How to serve chicken for a family?,"Once the chicken is roasted, slice away the thigh with the drumstick in tact on one side and then remove the breast and wing on one side"
How do you lodge a knife into a firewood log in order to split it with the knife?,"Place the knife on top of the upright log so the blade is facing down against the wood. Using another log, tap the edge of the blade firmly until the blade is lodged about ¼ inch into the log."
How to make low fat Meringue baked clouds at home.,"Beat 3 egg whites (Let them warm to room temp for 30 min.first) add 1/2 teaspoon vanilla, 1/4 teaspoon cream of tartar.  Beat with mixer until peaks form on egg whites.  Ad gradually a bit at a time, 6 tablespoons of sugar.  Spoon this on baking waxed paper.  Texture the whites to look like clouds or      your preference.  Bake in oven until egg whites are browned (about 12 min.. check this though and remove when you like the appearance.  Enjoy."
Remove hair from kitchen drain.,Pour full 2 liter bottle of coke soda down kitchen drain.
rope,can be put around a pillar 
Remove seeds from  strawberries,"Blend the strawberries, pour the mixture through a fine-mesh strainer with a bowl underneath to catch the pulps and strain out the seeds"
How can I keep a bathroom mirror from fogging up?,Wipe down with shaving cream.
How to make mashed potatoes.,"Peel potatoes, cut into chunks, place in pan cover with water and bring to boil for 20 minutes, drain ad milk, water salt and pepper to taste and mash mash mash."
"To make a BLT,","place bacon, lettuce, and toast onto a sandwich."
Guard mixer from splashes.,Cut a hole in the center of an ice cream lid.
To keep necklaces from getting tangled when traveling.,Loop the necklaces through an earring and close the clasp so they won't get tangled.
To make a rubber mallet when you need one for a project.,"Slip a rubber cane handle onto your hammer’s striking surface, or cut a hole into a tennis ball and slip it onto the hammer’s head."
"To prevent injuries when carving a stick with a knife,","cut with only small, firm motions so that the knife doesn't move quickly."
How can I cut cake perfectly and NOT smudge the nice icing?,"Use dental floss, saw back and forth gently until you get to the bottom of the cake, it will slice through better than a knife."
"To make a piece of wood darker in color,",soak the wood in a vat of coffee or tea.
To mount a TV on a wall.,"Drill holes into the wall, put in mollies than screws. Connect them to the TV's mount."
how to make grapefruit taste sweeter,add citric acid to the grapefruit
thimble,can fit on a crayon 
,
wool,can be used to line pants 
What supplies are needed to make a vinyl record door curtain?,"Wooden plank cut to size of door frame    Heavyweight picture hangers    Heavyweight hanging eyes    Heavyweight string or ribbon    About 40 old records (depending on door size and user error)    Superglue    Dremel, drill, or punch and hammer    An empty door frame that can support a curtain    Protective surface that can be drilled or hammered on"
pliers,can bend clothing in half
When is the best time to go to a very popular theme park?,"The best time to visit a theme park is the day after a big Friday holiday .  The lines will be very thin, especially early in the day."
One seeks to have a decorative portrait appear to move.,One should use an actor.
To stuff Hawaiian Burger Bacon Balls with cheese.,Make an indentation in the outer layer of bacon and add cheese.
How to place the mounting pole for your hose reel?,Mark the center of the top swivel bushing mount. Place the bushing centerline over this mark and mark the center of the two holes that will need to be drilled for the lag bolts. Drill the holes for the lag bolts and mount the top bushing by screwing in the two lag bolts. Align the top bushing over the two holes you drilled into the concrete and mount the top bushing by screwing in the two masonry bolts into the concrete.
Draw a circle.,"Using a compas, poke the spike into the center of the area you want your circle. Now hold that with your left hand and pull the pencil around the center until the lead marks connect."
mouth,can watch video footage.
A spit,cooks carrots 
Make SOS signal.,Make small foil ball to reflect off planes in distance.
How do you prepare paint to repaint a house?,Just start painting right out of the can.
Make a mini hiking kit.,Store small items in empty mint tin.
To easily thread rope through a bag to act as a drawstring.,Attach a safety pin to one end and pull through the tube in the fabric.
To remove price tags stickers off of an item.,Slowly move a blow dryer over the area. This will warm the glue making it easy to peel off.
How can I make my trash can smell better?,Use bags that smell fresh in the trash can or spray it with perfume occasionally.
Reduce chances of vomiting.,Take short rapid breaths.
"To make a phone call from a land line phone,","pick up the receiver, type in the desired phone number, then place the receiver to your head to talk."
"To clean steel before sealing,",scrub any rusted spots with steel wool pads and wipe down with a soft cloth and linseed oil.
What can I put in the bottom of a flower bed to hold moisture in?,Cut up an old porous laundry bag or use a trash bag to place in the flower bed before putting soil in.
Mango Float in a Jar,Crush graham crackers. Peel the mangoes and slice them into strips. Combine the thick cream and the condensed milk. Assemble your jar cakes.
To delint your couch pillows.,"Using a piece of masking tape with the sticky side outward, slowly brush down the sides of the pillow."
Reheat rice,Place ice cube on rice and microwave.
to repel bugs,rub dryer sheets on your clothes and keep one in your pocket
Baby proof a shopping cart.,Wrap pool noodle around shopping cart wheels.
How to prevent a padlock from freezing.,"Keep moisture out of key holes, keep lock coated with WD-40 and if needed heat end of key before inserting."
To swipe a card.,"Make sure the magnetic strip is facing the reader, then slide the card up or down the reader quickly."
how to cut acidic marinara sauce,add a few teaspoons of sugar
How to pry pallet apart.,"Using the other end of a hammer, pry apart the log from the pallet to get nails out."
What is an easy object to use for the eyes of a squid costume?,Use the shiny side of a pair of cassettes as eyes.
,
How can I blow up my air mattress with a shop vac?,"If you don’t have an air compressor to inflate your air mattresses or pool toys, you can use your shop vacuum instead, just pop the top off of a plastic squeeze bottle and fit the top to your vacuum’s hose. You may have to use duct tape. Once the top is secured to the hose, attach the hose to your vacuum’s exhaust port. It’ll blow up your inflatables in no time. To deflate, attach the hose to the vacuum port and suck the air out."
Boil water for a cup of tea using a stove.,"Use a tea kettle, in this case a metal kettle on the stove, fill with a 1/2 cup of water.  Place the kettle on the heat and bring to a boil.  Shut the heat off and pour water into a tea cup.  Fill the kettle with 1/2 cup of water and bring to a boil again."
how do you share your location on the facebook app?,"open the app, and click on the check in link and click post."
How to make the potion have a pink glare to it?,Use a combination of pink coloring and water and add that to the potion mixture
how do you go home on the instagram app?,click on your profile picture at the bottom right of any page.
How to attach a necklace when you've lost your clasp?,use a binder clip to secure the two ends together
Attract deer and rabbits to your back yard.,"Plant hostas, tulips,  peas, soybeans, turnips, alfalfa, sorghum, kale, or corn."
Make flat iron holder.,Roll pot holder into a cylinder.
Prevent balloon from popping easily.,Add a layer of hairspray after blowing up.
How to get a ring unstuck from your finger?,Squirt some Windex - yes Windex - on the finger and ring. Use dental floss or string to pull off.
"To prevent children from locking themselves in a children's bathroom,",tie a string from one knob to another.
how do you cover the lens of a nikon b500 when it's off?,place a cloth on top of it.
how do you ask a question on paper?,write a question mark after the question.
Keep the ducks off the beach.,Put up a no ducks allowed sign on the beach.
reed mat,can function as an article of clothing muskrat 
To make stuffed pizza crust,Fold over the outer edge of dough and insert cheese.
One wants to make a musical instrument out of a bottle cap.,One could make a trombone.
Prevent water waste in toilet.,Flush after each use.
What is a good alternative to sandpaper when removing varnish from wood?,A liquid solvent would remove varnish safely.
handkerchief,can act as a comforter on a real person's bed
How do you snuff a candle?,Hold a small concave cup over the top of the flame to strangle it with it's own smoke.
Pay the mortgage payment.,Empty one of the bedrooms and put an ad on Craigslist to have someone come and rent a room from you thus bringing your mortgage payment down.
How to add an additional compartment to your backpack?,Sow in a pocket from an old denim jeans into the backpack.
What is the main purpose of a minimalist wallet?,Minimalist wallets are used to only carry currency notes so that there isn't the added weight of coins.
How to increase the water content of a piece of meat.,Soak the meat in plain tap water for a few minutes.
"To be safe when working with lye, you can",Make sure to measure it inside
how do you file down a dogs teeth?,use a nail file on their teeth.
Create extra compartment in handbag.,Add a shower cap for divided storage.
Add moisture to air.,Dry wet clothes in dryer.
ornament,can decorate desk  
,
