goal,sol,gt,ai2id,qualtid_org,qualtid_new
slow cooker,can melt copper ,0,dd720b80-3b1a-4653-96ee-9c7d3ac63174,1_Q2,1_Q2
how to make coconut-almond truffles,"Combine 3/4 cup almond marzipan paste , 1/2 cup each confectioners’ sugar and unsweetened shredded coconut, 3 tablespoons cocoa powder and 1/2 teaspoon vanilla; work into a dough. Roll into balls, then roll in shredded coconut. Chill.",0,ffdf1cd3-5a07-4b6d-abac-92e18b0bdca8,2_Q2,2_Q2
Cut out pages from a book,Using an x-acto knife open the book and cut along the page near the binding.,1,f7482dbc-7a06-4dc8-b48d-ced7120e1a35,3_Q2,3_Q2
How do you make maracas?,Wash the water bottle and remove the label with Goo Gone.    Fill the bottle with a spoonful of marbles and beads.     Glue the lid on the bottle with plastic adhesive to make sure those little bits don't ever get out.,0,c1ec235b-5e85-4fa3-a3ab-2ecf2a9b712c,4_Q2,4_Q2
To make a chalkboard out of wooden pallet planks.,Use chalk paint on the wood.,0,91b48e61-d7db-4692-afd2-d4a132b035e2,5_Q2,5_Q2
crayon,can color  the walls nicely,0,7791df53-6ed3-464f-8179-7f580b282308,6_Q2,6_Q2
What is the best way to apply nail polish to a professional result?,"A quick way to apply the nail polish is to use a fairly big brush, and then use flesh-colored nail polish to cover up any places that turned out messy.",0,1997fb6c-e978-40f9-83a1-33d3d2f9b390,8_Q2,7_Q2
How can I get a stain out of my new hooded sweatshirt?,"Dab it with a rag and a some hot water. Then, apply stain remover and launder the clothes.",0,014a9173-ec93-4d52-bc51-f12c1b4bf49d,9_Q2,8_Q2
fridge,prevents meat from spoiling,1,63a07b3e-3016-4fc5-b14a-06b5afe07e43,10_Q2,9_Q2
"To melt chocolate, you can",Place in a metal pot in the microwave,0,64f50dba-7349-43c7-8dfa-1723270d80cf,11_Q2,10_Q2
How do you remove mortar from a brick to recycle it (the brick)?,"While holding the brick in one hand, hold a second brick in your other hand and forcefully hit the two bricks together.",0,2b95cf37-9820-4e4b-a880-cec4ef20968d,14_Q2,11_Q2
"To allow yourself to make edits, while writing by hand.","Use a pen, instead of a pencil, so you can erase any mistakes.",0,9bd3eb15-03a1-457b-8cfd-a4505c5d653f,15_Q2,12_Q2
How can I clean my toenails of debris?,Take a pencil eraser and work under your nails with it to get the junk out from under them.,0,2c566ce9-37e5-486a-946d-9172ded449dd,16_Q2,13_Q2
Remove smell from camping gear.,Throw in sock filled with cat litter.,1,a2025131-3d66-4f32-9a86-24dcaead0c17,18_Q2,14_Q2
Get a babysitting job.,Not old enough to work? You can babysit. Let your parents know and ask them to tell their friends.Make sure to charge enough and have fun with the cows.,0,d3225723-6265-4b56-ba18-22f7c933c5f1,19_Q2,15_Q2
How do you prepare paper for papier mache pulp?,Find old newspaper or tissue paper from Christmas. Cut them with scissors until you have a full bucket of tiny paper pieces.,1,e74b13f6-1c9a-4633-afa2-c08d02f271ea,20_Q2,16_Q2
Eat a well balanced diet,Vegetables helps to satisfy your sweet tooth thanks to its natural sugars,0,ce608435-9335-4778-bd5e-1196f3ac4543,22_Q2,17_Q2
Cut the sleeves off the shirt,use scissors and cut along the seam that attaches the sleeves to the shirt,1,5c1681a1-6aa0-4907-8842-ea1c30351993,23_Q2,18_Q2
"To charge a phone while out in public with only the charger,",take the phone into a coffee shop and use the free power.,1,3a2e0313-a319-4115-bf08-6adc8aa8bb7e,25_Q2,19_Q2
"What do you need to make homemade ""Blackhead Pore Strips""?",You will need: 1) water 2) unflavored gelatin 3)  granulated sugar 4) wash cloth 5) paint brush 6) microwave and 7) something to stir with,0,5b93b823-0493-47c1-bbfc-718f6e2f898b,27_Q2,20_Q2
How can I tell if my apples are genetically grown (or altered),The 5 numbers on the label will begin with the number 8.,1,0d7e465a-5e70-4bb2-88e7-e4d60f2d4b58,28_Q2,21_Q2
To thicken a mixture,Add corn syrup,0,53f879d0-dab0-40ac-b57d-2c03195fc34b,29_Q2,22_Q2
Remove an ant colony.,Spray a mix of 3/4 water and 1/4 salt on ants.,1,7356ac59-c539-46ee-b25d-646ff1575306,30_Q2,23_Q2
serrated knife,can cut a can ,1,6d38627e-f3c1-4396-ad42-955e1097110e,1_Q3,24_Q2
How to quickly dry a towel?,"Before the towel is washed, twist and strain it in the bathtub then dry in the dryer and hang outside afterward",0,69c87aac-5563-4fd9-ac15-1d80e694436d,2_Q3,25_Q2
Write a children's book,"Go to the library and find a very popular children's book, if you don't know which are which, ask the librarian to help you to get the one that the majority of kids in the target age group tend to check out of the library.     Now check it out and take it home and try to copy it but change a word here and there so that you won't be sued for plagiarism .. find an . illustrator, self publish",0,0c78689f-edb3-485e-a91e-951fb6c74bc4,3_Q3,26_Q2
Deodorize an item.,Keep item in a trash bag full of kitty litter for a few weeks.,0,101a0b84-a624-4fc4-aa48-622e094f0da3,4_Q3,27_Q2
"To attach strips of cardboard to a larger piece of cardboard, you can",Use a sanding belt to hold the strips of cardboard in place,0,c9944b47-d7ac-4061-a3e9-9cd1f0c559a6,5_Q3,28_Q2
Prevent soggy microwave pizza.,Add a cup of water next to pizza in microwave.,1,7b4b49d6-f0a1-4718-be70-ce06e83ebf28,7_Q3,29_Q2
how to make deviled eggs,"Start with fresh cooled eggs. Slice the eggs in half lengthwise, removing yolks to a medium bowl, and placing the whites on a serving platter. Mash the yolks into a fine crumble using a fork. Add mayonnaise, vinegar, mustard, salt, and pepper, and mix well. Evenly disperse heaping teaspoons of the yolk mixture into the egg whites",0,2bc8e29c-89e1-41b9-bd68-e046411fe7f0,8_Q3,30_Q2
,,,,,
To dust your ceiling fan,"Use a pillow case, and put it over each blade individually, and pull towards you to keep the dust inside of the pillow case.",1,1f7dc855-419f-4f98-b38c-a6f6f4d588ee,10_Q3,1_Q3
how to grill boneless chicken?,low and slow for at least six hours.,0,e9c56692-60f3-4602-ba52-8b020e329a04,11_Q3,2_Q3
Scrub tough grime off kitchen counter tops.,Use a vegetable mesh bag to clean.,1,b1658ecf-7b66-4959-b9b3-9dced3a4f8b5,13_Q3,3_Q3
how do you get a dog to fetch?,"throw a ball away from the dog and yell ""fetch""",1,a931ab1f-e2a5-4cc2-bd3e-a14d68f8a930,15_Q3,4_Q3
"To make a photocopy of a page in a book,","find the page in the book, place it onto the glass of the photocopier with the page facing down, then press the copy button.",1,d65b371f-df59-40f0-bdf7-309c9bee18d2,16_Q3,5_Q3
How do you separate the yolk from the egg white?,Crack the egg and split the shell in quarters.  Gently pass the yolk back and forth between the shell quarters until the egg white is removed.,0,0bf9db0d-c775-4cab-b081-1388222bdf93,18_Q3,6_Q3
What is the best material to be used for the solar air heating box?,"Choose a metallic box of required size, with holes punched on them for air passage.",1,75f4d8b3-2a1b-4525-8de9-74831f6952e3,19_Q3,7_Q3
To cut circles out of dough without a cookie cutter.,Use a shot glass by turning it upside down and using the rim.,0,589d2979-9710-41f3-ac14-83c464979dae,20_Q3,8_Q3
To wash clothes in a washing machine.,"Sort the clothes according to colors, put clothes with similar colors in the same load and wash.",1,c1074da6-8bb5-4e70-8a2a-0a25e6c45611,21_Q3,9_Q3
How to attract hummingbirds to your garden?,"If you hum a tune while you garden, humming birds will want to sing along with you so you don't have to really bother with feeders or special flowers.",0,4678247c-c336-4788-b80b-8adcfb33bfdd,22_Q3,10_Q3
How can you improve the chance you will remember something?,Repeat material over and over verbally.  People remember 50 percent more when they verbalize things.,1,ba7b0f16-e50e-474e-8f4c-21ca72b4b75b,23_Q3,11_Q3
To cure a hangover,Try honey on crackers. The fructose in the honey will flush out the alcohol in your system.,1,4346769d-34de-471d-8fd9-7b4ad40e61de,24_Q3,12_Q3
How to make lemon Cooler cookie Ice cream at home.,"In a medium mixing bowl combine 7 cups chilled whipping cream, 2 14 oz. cans sweetened condensed milk and 1 teaspoon lemon extract.   Beat with an electric mixer until soft Peaks form add 3/4 cup Chopped Lemon Cooler Cookies. Transfer mixture to 8x8x2 inch baking pan.  Freeze about 8 hours until firm.",1,1563a1b0-c670-4384-900b-495dba8c143b,26_Q3,13_Q3
how do you make a copy of a key?,cut out a piece of metal in the same shape of your key.,0,088ef680-2d25-44c5-bb4f-37e0ab98a06f,27_Q3,14_Q3
"To make a pastry crispier after it has gone soft,","add it to a low temperature oven for a few minutes, or a toaster.",1,1b51e7b3-d060-400a-8fcf-0b4c7442385c,28_Q3,15_Q3
Make clothes drawer dividers.,Cut the bottoms off tissue boxes.,0,822cd101-277d-46ac-af5b-95b860ade2ae,29_Q3,16_Q3
baskets,can store footballs  ,1,20910dfd-5f89-4351-acfd-e343ae53a930,30_Q3,17_Q3
How to make tuna salad.,"Once you've opened the can of tuna, add the brine to the bowl. Next, add the tuna to a bowl. Stir in the rest of your ingredients : Mayo, celery, onion, pickle relish, garlic, and lemon juice. Mix well and season to taste with salt and pepper.",0,a6b51dea-86fd-4a0d-ba6a-af27889d1de1,1_Q4,18_Q3
How to make Caramel Chocolate chip Girl Scout Cookie Vanilla Ice cream at home.,"In a medium mixing bowl combine 7 cups chilled Caramelized Onions, 2 14 oz. cans sweetened condensed milk 1 teaspoon Vanilla extract.  Beat with an electric mixer until soft Peaks form. Stir in 1 1/2 cups Caramel Chocolate Chip Girl Scout cookies (Sliced in 3/4"" strips or crumbles)  and 1/2 cup Chocolate chips.  Transfer mixture to two 8x8x2 inch baking pans. Freeze about 8 hours until firm.",0,6b43bbf6-5075-43d3-a0fb-188da8d9f367,2_Q4,19_Q3
stapler,can bash open  bank vault  ,0,f948900c-e50e-4233-9e68-b57e8737b39d,3_Q4,20_Q3
To keep homemade apple juice from turning brown.,"You can take any vitamin c tablets, and add a small, small amount to the food processor. I chop a 500mg tablet into quarters and add one of those to each processor load.",1,22520fc1-6170-4418-a85a-feaa15c61132,4_Q4,21_Q3
"crisp, textured layers in crust","add cheerwine to the dough. The cheerwine evaporates while it’s being cooked, and the dough is left hard and brittle",0,55f30f6b-c7de-4953-a4d4-36dccf059ae1,5_Q4,22_Q3
dish towel,will wipe away dirty grimy and awful stains from the counter,1,0f2e0f8f-72fd-44ea-a44d-b72b64d347e1,6_Q4,23_Q3
Easy way to maintain a shopping list for groceries.,"Save time by creating your shopping bag during the week. Keep a blank piece of paper or use a magnetic message board and as you run out of things, put them in the bag. That way you won't need to waste time thinking about what you ran out of.",0,def51e91-360e-4623-9279-06492d7c606f,7_Q4,24_Q3
To make an alcohol watermelon.,Cut a hole in the watermelon and pour your favorite liquor in and let it sit.,1,e038db31-e600-49ee-8106-4d84a4ffb34d,9_Q4,25_Q3
Organize restaurant delivery menus.,Mount a cap holder to wall or inside door.,0,fc142180-018f-49b3-8780-8367db9370fa,12_Q4,26_Q3
See designs of all t-shirt designs at once.,Fold shirts in stacks before storing.,0,a8e4e1b9-0f9c-4b95-ab02-fc502f3d3c27,13_Q4,27_Q3
how do you use a zipper?,pull it along the zip line to close or open an object.,1,b39dc35d-2360-421a-9432-5fb66f8b91a9,14_Q4,28_Q3
Finish the concrete patio.,Level the concrete using sweeps with float purchased from a local hardware store.,0,a98ec6c6-d505-4d57-9f70-b839d889f49c,15_Q4,29_Q3
To know when your plaster mold is ready to break open,You can use a timer to keep track of how much time it takes for the plaster to dry.,1,f51f2fab-9893-4025-b15c-61f6aa7cad89,16_Q4,30_Q3
,,,,,
How to paint your go cart?,Fill the holes with epoxy and a spatula. Put the undercoat into your spray gun and use in a even coat. Then spray your top layer Sand down any paint splotches.,1,448f0c5c-d9ec-4552-999b-47cfbfe0ca4a,17_Q4,1_Q4
fertilizer,can be used for  growing plants ,1,0e37f6f3-4e5f-4e37-bfb3-74b5748c3ccd,18_Q4,2_Q4
How to prepare to patch a bicycle tube?,"Once you've isolated the puncture, scrape it smooth with some sandpaper until it is rough and open then apply the patching glue",0,4a02688c-efc6-4bf7-9bb1-929745665474,19_Q4,3_Q4
how do you find out what's wrong with a car?,read the codes with a machine.,1,532467ad-df88-4ef0-b21f-22dd2389a312,20_Q4,4_Q4
How would you sew together the separate panels of fabric to make a doctor who 4th doctor look-alike scarf?,"Place two pieces of fabric back-to-back  together and place the edges on the sewing plate of your sewing machine, lower the foot, and press the foot press with your foot until you have completed the Stitch across the fabric in a zig-zag stitch.",0,06fc42dc-fee3-4e9f-a9ec-a386c78ff9ec,21_Q4,5_Q4
Prevent feet from sweating when wearing flats.,Sprinkle inside of shoes with dry shampoo.,1,bdd85c49-dd3e-4ee2-b056-67a0ead6546d,23_Q4,6_Q4
How to quickly cool down a bottled water drink?,Run the paper towel under some water and wrap a bottle around it then place in the freezer for 20 minutes,0,d7c0346a-6b17-42e3-a4ea-b6ea2684457d,24_Q4,7_Q4
How to make a Wild Blackberry cobbler at home.,"Wash  4 cups fresh or frozen wild blackberries toss berries with 3 tablespoons Lemon juice.  Use Pillsbury Cinnamon roll(tube type) from refrigerated section in the market, with rolling pin, roll to less than 1/2 inch thick.  Line the base of a deep metal baking pan/dish with the dough.  Reserve approx. 1/3 of dough for cover.  (You will place this on top after you finish preparing the filling.)  Place blackberries in dish atop the roll dough.  Sprinkle 1 cup ground coffee, 2 tbs. Brown sugar 1 tablespoons cinnamon, 1/2 cup butter (In small pieces), on top.  Sprinkle 1/2 tablespoon of salt atop.  Place crust over everything.  Bake in the oven at 375 for 40 min.  Remove from oven when crust brown and pie is bubbly.  Enjoy.",0,97c222f8-6fd8-46d6-8768-9aebae9ff271,25_Q4,8_Q4
To keep your pizza crust from getting chewy when you microwave it,Put a small amount of water in the microwave when you heat the pizza,0,7c936919-8c8e-4d07-878e-ff4c55df2f72,27_Q4,9_Q4
how do you open a wine bottle?,cut a hole in the cork on top.,0,d6f5e402-e631-44e3-808d-9f50416d2c05,28_Q4,10_Q4
how do you clean a kcup machine?,run water through it.,1,0e349fd1-fa9e-49ce-b866-2ca26a8fe655,29_Q4,11_Q4
mirror,can be broken by a shirt if thrown,0,0626eb4e-4314-4e58-a95b-d1c70c2df5ca,30_Q4,12_Q4
Remove odor from microwave,Crush almonds and place in microwave for a few hours.,0,15131eb5-1f3f-4afe-9551-532fd5e6b474,1_Q5,13_Q4
"When making blueberry muffins or cupcakes, how do I keep the blueberries from turning the muffin or cupcake blue?","When you add the blueberries, make sure that they are frozen.",1,c1950b51-84bf-41c6-b12e-541e663cadda,2_Q5,14_Q4
how to remove a tick,"You really don' t need to remove it, eventually it will fall off itself that way you don't have to worry about the head being left behind.  After it falls off, then cleanse area where it fell from and flush the tick down the toilet.",0,64e620d5-de22-4931-812e-6a2b6209d7ca,4_Q5,15_Q4
Keep cutting board in place.,Place damp tissue paper under board.,0,dc076160-948e-4213-8206-59b226e07c81,5_Q5,16_Q4
How can I get the marker stain out of my t shirt?,Run it under cold water with a bar of soap. Then use stain remover on it before putting it in the laundry machine.,1,45db7db8-9a81-4958-9f19-8c7b7d23f90c,6_Q5,17_Q4
to keep from ruining the walls when painting,Use double-sided tape or hot glue OVER painter's tape,1,7cdf6478-a71e-4c41-a5ea-4383627a085d,7_Q5,18_Q4
How do you break down the leaves harvested from a Yucca plant in order to process it for fiber?,"Lay the Yucca leaf on a flat, soft surface. Hold a flat, smooth, and heavy rock above the leave and bring it swiftly down on top of the leaf. Do this repeatedly along the length of the leaf to break down the plant fibers.",0,97948b03-fb30-4628-a1d1-7ae65cc623fa,8_Q5,19_Q4
how to find the surface area of a cube,"To find the surface area of a cube, use the formula: surface area = 6s^2, where s is the length of one of the sides. If you don't know the length of the sides, you can find the surface area using volume. Just find the cube root of the volume, which is equal to the length of one side of the cube.",1,83801af1-c4fe-425c-9876-cb7323109115,9_Q5,20_Q4
How to chill dough for ricotta tart.,Roll dough into a ball and wrap in saran wrap then place in the freezer for 20 minutes.,0,62846bef-3a44-48c1-927e-3cd4a99057e1,10_Q5,21_Q4
how do you use a diving board?,slide off of it into the pool.,0,4897fe33-1af4-4d52-a95d-6cc18c35ccd6,12_Q5,22_Q4
"To reduce the amount of bubbles in concrete, you can",Tap the concrete all over with a rubber mallet before pouring it,0,c9e9f262-f6b0-4286-9615-c3d446b14050,13_Q5,23_Q4
How to make the front of your DIY Viking Cardboard shield?,Take a strip of paper then place a thumbtack in the end of your cardboard. Trace the desired length with a pencil. Cut out with scissors carefully.,0,ae6eda9e-3ddb-4b4a-b6ab-9346111af1cd,14_Q5,24_Q4
How can I avoid nailing my thumb when starting a nail with a hammer?,"Use a hair comb, put the hammer in the teeth of the comb deep enough to hold solidly, then hold the nail in its location with one hand and hammer the nail in with the other.",0,633c5ea2-c13c-48ae-a02c-4db71082df0a,15_Q5,25_Q4
How do I prepare my dry ingredients when making garlic naan?,n a large bowl add in your flour and salt and mix till combined with a spatula,1,0e06a271-ed59-4303-987a-03ba4c560103,16_Q5,26_Q4
How do I clean plantain leaves before cooking?,Soak leaves in compost.  Gently rub off any dirt spots.  Rinse thoroughly.,0,7a248421-82c7-4a11-98b2-de0d67a42753,17_Q5,27_Q4
container,can cut tin foil ,0,acf45934-0c70-44a3-ab4c-298090290d97,20_Q5,28_Q4
One seeks to shield themselves from the rain via easy DIY methods.,One should make a jacket.,0,ce7fbb6c-cf64-41be-8db3-fe7e62e1e871,21_Q5,29_Q4
How to underline text in OneNote,"Locate the text you wish to underline, and right click it. On the top of the screen, click the ""B"" button to underline it.",0,a6f453ce-7d9e-4017-945b-1284dc77d54e,22_Q5,30_Q4
,,,,,
To make whipped cream ahead of time without it getting runny in the fridge.,"To keep it from weeping while it sits in the fridge, add a little Fluff near the end of the whipping process. The marshmallow cream not only adds structure to your whipped cream, but some extra yumminess as well.",1,dfbce12c-ee0f-466a-9a06-8bd1be2134d2,23_Q5,1_Q5
tongs,can mix dressing ,0,f0419dbf-e546-4406-b4db-77c267e5b5ef,24_Q5,2_Q5
how to make the color orange with paint?,mix together blue and yellow paint,0,7ec82690-5d17-44de-8102-4b55463d55e5,26_Q5,3_Q5
"To clean stainless steel pots,",spray the pot with apple cider vinegar and rub with a clean cloth in the direction of the grain.,1,d83e0c61-46a0-44ba-ad97-a5b8df26f373,27_Q5,4_Q5
Remove hair from hair brush.,"Cover brush head with pantyhose, use a pen to push down and collect hair.",1,3fc1952b-3697-4e8d-ba05-b6d04c73abb8,28_Q5,5_Q5
Make stick arms for Frozen Olaf Cake Topper.,"Cut your fine gauge wire into small pieces, roll out your black sugarpaste into sausages with balls on the end. Carefully stick your wire through the arms then use your spoon to cut the hands out.",0,feab42b3-6fcd-4ba6-953c-d22723260ea6,29_Q5,6_Q5
To open a milk container.,Twist off the top and remove the seal underneath.,1,b237e5f7-e267-4c5c-ba58-fcf5861d7462,30_Q5,7_Q5
"To make a hard shelled taco,","put seasoned beef, cheese, and lettuce onto the hard shell.",0,4ab3076d-3e5c-4458-98e2-7a536b6dc012,1_Q6,8_Q5
Mixing the ingredients,"Mix the cookie crumbs, pecans, and caramel together, add the condensed milk mixing with a spatula, then roll the mixture into a log using plastic wrap.",1,aba53e5a-2780-4b1a-80d8-7636448304c0,2_Q6,9_Q5
pan,can cook dough ,0,05ce615a-8f37-4297-9e13-7f0a26a79d0c,3_Q6,10_Q5
laser,burns air ,0,bb5954ac-1d81-4b93-8240-de8cd62173e4,4_Q6,11_Q5
How do I turn on a desktop computer?,"Using a metal screwdriver, you need to connect two metal pins on the motherboard (power and ground).",1,142702e3-cc03-4bd0-b7d6-067f05d78ee9,5_Q6,12_Q5
How can I clean the grate of a bird cage?,Use an old hairbrush and soap and water.,0,f949b624-02e0-4de4-8162-9ebb862bc4cd,6_Q6,13_Q5
How can I cut pieces of wood down to the length that I need?,"First measure out the length that you need with a tape measure, then cut with a ax.",0,b94fe37c-b8da-4d9c-9825-62ccbd3a8da6,7_Q6,14_Q5
A convenient way to store trash bags.,"After you’ve finished using a container of disinfecting wipes, put your cosmetic bags in it and pull them out as needed.",0,c99bed75-7368-4e19-917a-96d0b4d4fea1,8_Q6,15_Q5
How do I get the window of my van clean?,Use some wood cleaner and a rag to clean the window.,0,23861297-1f72-4b06-b27e-223c3e094169,9_Q6,16_Q5
To add chocolate and caramel to hot milk and cream.,"Chop the chocolate into small chunks. Bring the milk and cream to a simmer on a low - medium heat. Once the mixture begins to cool, remove from the heat and add the chocolate and caramel sauce.",0,c8d1f21e-cae0-4c45-939c-39d097201d26,10_Q6,17_Q5
To peel the shell off of a hard boiled egg.,To begin peeling your eggs lightly tap the egg on some paper towel and crack the shell all over. Then with your thumb begin to peel the shell towards the egg.,0,471f7635-7820-48c8-a014-89ea476d35a2,11_Q6,18_Q5
"To lose weight while still eating a lot of food every day,",replace the meat with other protein substitutes like beans.,0,6809df99-1af5-4837-940a-b847d227c8b7,12_Q6,19_Q5
How can I safely melt the ice on my windows?,Use a mixture of 2/3 parts vinegar and one part water and spray on iced windows.,1,2e10d177-77a1-4892-87fc-ba030d75dc55,13_Q6,20_Q5
How can I soak up spills on concrete?,Use gravel kitty litter on spills.,1,b228c908-e68f-4e4c-9f7c-2bf4d95aa893,14_Q6,21_Q5
candy dish,can be used to store sewing supplies ,1,56148be8-25f0-439e-b11e-516267219f9b,15_Q6,22_Q5
How do you make plain toast?,"Gather a slice of bread and a toaster, place the bread on the top of the toaster and push the button down, when the button pops up your toast is ready.",0,773afd4d-ebb7-4234-bcd1-57d8ea85c499,16_Q6,23_Q5
How to download an app on an iphone,Open the google play store and search for app.,0,8a33a241-01ee-4fa2-b15f-83da6f527d7e,17_Q6,24_Q5
Avoid germs from hotel bed.,Use a bed sheet over hotel bed.,1,d02ae6aa-81e3-4a7e-b768-f5f84070aa17,18_Q6,25_Q5
how do you take pills?,throw the pill down your throat.,0,204f16d7-c273-4f2c-9f20-f4a9f5d65bd7,19_Q6,26_Q5
how do you test if pasta is fully cooked.?,"throw a piece of the pasta on the wall. if it sticks, it is ready.",1,ac3987a5-ca8b-4b78-a88a-9234420eaad5,20_Q6,27_Q5
use baby wipes for hemorrhoids,"You can use baby wipes to make homemade hemorrhoid wipes that are so much cheaper than the ones you can buy in stores. Start with a package of wipes that contain aloe, then pour about 1/2 cup of witch hazel into the package. The combination of aloe and witch hazel is extremely soothing!",1,36225871-61f6-4149-8e39-d34c0196743e,21_Q6,28_Q5
How do I mix in the flour for butter cookies?,"To make butter cookies, after you cream the butter, add the flour into the bowl in one go.",0,af9a3563-8f9d-4db3-b1ee-ef2a8fc3dd7c,22_Q6,29_Q5
How can I remove a nail from wood?,Use the head of the hammer.,0,77dc4a17-6d02-4d06-a2f5-2c40a3eae8b6,24_Q6,30_Q5
,,,,,
remove paint from skin,"pour a small amount of nail polish remover in a dish, and soak your skin for two hours.",0,84639e67-06cb-45f1-ab3e-24cc66edcb54,26_Q6,1_Q6
How can you avoid being affected by Poison Ivy?,Rub TechNu on your skin before going out.,1,d88d66a9-bf1b-47c3-a6ca-99a4345d4007,27_Q6,2_Q6
What materials are needed to make ganache?,Melted chocolate and nuts,0,cca644f5-756f-46bd-b4da-1904d8bc5650,28_Q6,3_Q6
how do you flush something?,let it go down the sink drain with water running.,0,1f5426de-30cf-4a3e-a9ec-606e3802583f,29_Q6,4_Q6
"To get a pinch of salt,","using your thumb and forefinger, pinch as many salt granules as you can hold in between them.",1,fc147b8d-cc31-4492-96c6-573488343fe2,3_Q7,5_Q6
bobby pin,hold hair instead of needle for safety,1,2e1993a5-dc78-4e07-9bb9-12091cdc45ed,4_Q7,6_Q6
trees,provide homes for people ,0,428189a7-6bf1-4f13-a3a6-5065f15120e4,5_Q7,7_Q6
How to dry tomato seeds without them sticking together?,"Instead of using paper towels, lay the tomato seeds with space over fresh coffee filter paper",1,de72a842-66d5-49eb-a9ac-92ede85d0669,6_Q7,8_Q6
To keep taco fillings from spilling out.,"Line your taco shells with a napkin. Then when your shell breaks, the napkin will catch the rest of the fillings.",0,5fe795db-5d95-457d-b2aa-587c1489483a,11_Q7,9_Q6
How can you preserve your shower curtain and stop it from molding?,"Wash it in sugar water first, this will keep mold off of it.",0,56c0d2fb-c252-42f3-8c35-e96ba6ab1153,12_Q7,10_Q6
How do I make a PB&J?,"Take bread, spread peanut butter on one side and jelly on the other, then place spread sides together.",1,1b7fa113-287a-4fb7-b52e-0fca54367706,15_Q7,11_Q6
paperweight,can be put inside  socks ,1,2cd19f52-0ba2-4bae-8a1d-3636760170fd,16_Q7,12_Q6
baby powder,can be wiped up by napkin ,1,f9c836ed-214e-45ea-9a10-a3f4c1524966,17_Q7,13_Q6
How to saute onion.,"Pour small amount of olive oil into frying pan over hot stove. Add onions and stir occasionally, cooking until transparent.",1,57fef040-d230-40f0-a2e9-d87dc7b727da,18_Q7,14_Q6
how do you prepare for surgery?,eat only two meals in the 24 hours prior.,0,4c7783f4-f799-4d85-8762-55c0e787bca4,20_Q7,15_Q6
how to keep colors from fading in the wash,"wash clothes inside out, and on cool",1,76c0f1d2-7af2-48d3-b5c8-c95c15f1b5d4,21_Q7,16_Q6
How to ignite a gas stove with a tricky igniter?,Turn on the gas and at the small area near the base light with a tiny match or flame,1,2d16081f-5566-4fc7-a391-9f411c6c6221,22_Q7,17_Q6
If you want to get money from an ATM or other cash cheaply with no fees what can you do?,"If you want to get cash, simply buy something for 999.99 like a Motorcycle, and get cash back from the cashier that way you have ZERO ATM fees.",0,f88a5062-0a91-4455-b5c7-2cef03f07f75,23_Q7,18_Q6
"To quarter biscuits, you can",Take the biscuit in your hand and tear it into quarters,1,1789bb07-cfba-44b4-9f0c-5816d01ff376,24_Q7,19_Q6
Dumpster dive.,Look for a dumpster with a lot of traffic and jump into it. Get a box from the dumpster and load the items you want into it. Be sure to do this in day light so you will be safe and seen.,0,af5fb9e8-66be-4435-bd47-fe58feff4fda,25_Q7,20_Q6
How to make White Chocolate Mint-tini.,"Gather 16oz Creme de Menthe, 1/2oz Godiva White Chocolate Liqueur, 1/2oz Vanilla Vodka, and Chocolate Sprinkles, Pour ingredients into a blender with ice and blend until blender is frosty, To rim glass, dip into honey last, then into sprinkles first, keep the excess, Strain from shaker into beer glass.",0,699d2160-1088-4b0e-bf37-21af4e34b78c,26_Q7,21_Q6
Flour,can make dough when wet,1,6dbc7c7a-3e90-4f4e-b9db-027711024938,27_Q7,22_Q6
Maximize full toothpaste.,Attach a clothespin to tube end.,0,f99dda67-241c-4bee-809e-ff2ecf76ec09,28_Q7,23_Q6
"To increase the power of a vacuum,",leave it running for awhile to build up it's power.,0,aafb98f2-e377-490c-86a6-6e30e6efbf14,29_Q7,24_Q6
how do you shield someone?,stand behind them so that no harm comes your way.,0,f6769cd1-be80-4756-a98d-3cf998b3db0a,30_Q7,25_Q6
"When working on the electrical components inside a lamp, you should",Make sure to unplug the lamp,1,21da83f8-ae22-4246-9f09-323d7552b08c,2_Q8,26_Q6
One seeks to make a cord weave.,One will need a long amount of cord.,1,2d2f23dd-3a04-44d3-b7dc-0f3e0790c27e,3_Q8,27_Q6
how do you inflate a tire?,fill it with air.,1,26611ae0-40fd-48ca-aa7e-fe5171a80b87,4_Q8,28_Q6
how do you distract someone?,keep them on track.,0,e23f1a43-f9af-4a4d-98ae-9925692c1222,5_Q8,29_Q6
How do I prep my eye glasses if I wanted to paint the frames a different color?,"To prep your eye glass frames for paint, take the lenses out first. Then you will need to take some steel wool and rough up the frame. Once that is done, put a small amount of elmer's glue on each hinge. Let dry for about 30 minutes.",1,3764a5df-6247-480d-8c4f-1b640f2f85b9,6_Q8,30_Q6
,,,,,
"To prevent a certain area of a piece of paper from being colored when applying dye, you can",Place a strip of measuring tape on the part that you don't want to be colored,0,048f8d9b-2cc1-4d7b-b4a9-a9cc8d4793f2,7_Q8,1_Q7
How to eat a grapefruit.,Cut the grapefruit in half and then in chunks . put it into the blender and blend until drinkable and then drink it.,0,a2a4e85d-d255-4800-bb0d-d357d4de55fe,8_Q8,2_Q7
How can you make your stale bagel edible?,"Run it under hot water for thirty seconds, then place in 350 degree oven for 5 min.",1,da312604-cdeb-4f6b-bbe1-f7101eca8b49,10_Q8,3_Q7
"To make your own pop up card,",attach folded strips of paper to the back of each cut out and the face of the card.,1,bd645f57-a507-4ad7-bc52-dceecf950fd7,11_Q8,4_Q7
shampoo,cleans hair from dirt,1,dfef3ef7-4852-4f5a-8603-5dbad79c6ebc,13_Q8,5_Q7
mop,has a long handle ,1,d3289bb9-7a13-499f-b050-b1d509e15410,14_Q8,6_Q7
how do you put a stamp on a t-shirt?,you glue it on.,0,ed8fbf1d-9515-4b35-b2a9-d0b93afd7e0b,15_Q8,7_Q7
sunbathing,makes freckles appear,1,357d2fce-434a-4165-95b1-912f370f78a8,16_Q8,8_Q7
a shelf,can hold milk ,0,afdf7eda-b03d-4a98-973f-ee0556178de9,17_Q8,9_Q7
Hold hair pins near tub.,Place pins on top of toilet paper roll.,1,95f2930b-c366-46bb-9672-a0a4fcedd64f,18_Q8,10_Q7
change a lightbulb in a ceiling fan,"Turn the switch off for the fan and light.Carefully reach up and take hold of the bulb that is blown. If it is hot because it has been on recently, use a cloth to protect your hands. Unscrew the bulb and carefully screw in a new bulb until it breaks in your hand",0,bdada67e-91ed-4d04-a5ca-fde359e98dc0,19_Q8,11_Q7
skateboard,use the edges to apply super glue to something,1,0db81131-c2e0-409d-8d13-b36a3c72698e,21_Q8,12_Q7
how do you butter toast?,"use a knife to grab the butter, and then spread it over a piece of toast.",1,16e87ab9-1579-474d-8d0a-48b1622fbe54,22_Q8,13_Q7
"To make small candles to float in water,","rub a blue candle on a grater over an ice cube tray and fill the tray with cold pressed olive oil, then stick a wick in each cube wrapped around a pencil, after solid pull them out.",0,8cb490e0-b8b2-43ef-9b2b-6ac646c22896,23_Q8,14_Q7
How to thicken barbecue sauce.,Pour sauce into mason jar and place in oven.,0,00ad4fd5-2f97-4ad7-bf20-0f74116e8c3f,24_Q8,15_Q7
"To sharpen the end of a nail, you can",Run the end of the nail on mulch until it becomes sharp,0,e3014b22-e069-431d-9ddd-ceb2c77f2cc3,25_Q8,16_Q7
What materials are needed to hand sew an article of clothing?,"Thread, needle, knife, material and ruler",0,93dcadba-69da-4c75-87a0-2e508e3747e2,26_Q8,17_Q7
to attract blue banded bees to the homemade insect hotel,Use a half/half sand wood mixture in the hotel,1,34c43ab8-dabe-4f57-a616-e269f7068320,28_Q8,18_Q7
hose,Can be guarded by camera on security monitor,1,284541d1-ede1-43f0-8b6f-23633df8ec30,29_Q8,19_Q7
How to make hole in tin can.,Use a bobby pin to drill hole into sides of the can.,0,e1f9838e-5af5-4ab5-a184-a5f2a0eb6497,30_Q8,20_Q7
How to wear a wide brimmed hat?,Take the hat and place it on your head so that your head goes inside the opening.,1,2c328f39-8d10-4c9c-9d53-1cfecc32caa5,2_Q9,21_Q7
To tidy up the pancake making process,Put the pancake mix in a used ketchup bottle.,0,cc663d48-a87f-48f2-b054-accab99892d6,3_Q9,22_Q7
To cover the slide portion of a child's wooden slide,Use a soft surface with an adhesive back.,0,b894f4bc-dfc2-48e9-9a8e-6ce5728ed694,4_Q9,23_Q7
Wire Racks,can hold pennies. ,0,b8b94d05-a0c0-4e3a-a391-8726a3787ae1,6_Q9,24_Q7
To knock out a stone fireplace for a renovation,"Use a 1 lb hammer, hitting the stone until it all falls apart.",0,9518f063-bd34-4a1c-8c73-93658a500f8d,7_Q9,25_Q7
how do you shut off the wifi?,unplug the router so that there won't be any more connection.,1,21f7421a-1536-40cf-b381-1565b3ebb541,8_Q9,26_Q7
"To make as simple bread recipe,","mix egg, yeast and water.",0,a43ee6e2-6e48-49d4-8795-bff809b8a100,9_Q9,27_Q7
"How can I make money, at home, easily?","Sign up for Neilsen ratings, they want you to have an app on your browser and will give you 50 dollars a year if you will allow it.",1,3af2c574-2905-45a2-8616-5b9b2866a98e,10_Q9,28_Q7
How to open an electronic gadget's case,Use a thick guitar pick as a pry along the edges of the case to open it.,1,5dbc428a-aa81-4abb-aaae-6a0c4d725459,11_Q9,29_Q7
Make a camping shower head.,Attach a watering can to a large jug.,1,64f45875-e6b8-453e-8fa5-28d0c68e9dc2,13_Q9,30_Q7
,,,,,
To get rid of under eye bags.,Get a raw potato and wash it and peel it. Cut two slices off and place directly under your eyes for a few minutes.,1,c6e048ec-4164-40d9-be49-49bb3a9d096d,14_Q9,1_Q8
how to identify a square,A square is a six-sided figure which is created by connecting 4 line segments. The line segments in the square are all of the equal lengths and they come together to form 4 right angles.,0,2b6a8a21-948a-4181-a2a6-10c543249a1f,16_Q9,2_Q8
chalk,can easily be broke with fist ,1,7bf27d96-364f-43d8-b296-8f44b59319de,17_Q9,3_Q8
how do you use dumbbell bars?,you life them with your arms.,1,728d70b7-89ae-46c9-832a-8fb1dfba059e,19_Q9,4_Q8
How to use an earth magnet to find a stud in the wall.,Slide it over the wall until it sticks. It finds the screws that attach the drywall to the clamps.,0,a9d85cd2-adb0-47d9-856b-f277f32cdfec,20_Q9,5_Q8
How do I prevent my muscles from getting sore after lifting weights or exercise?,"After exercising or lifting weights extensively, apply a topical analgesic to the parts of the body you were training. Also apply an ice pack if needed to reduce swelling.",0,ea19be52-d1d4-43f4-84e3-d543761afe3e,22_Q9,6_Q8
bath tub,can hold a car easily.,0,8cd30a87-8917-49af-8238-4244a84b8881,23_Q9,7_Q8
To cover a print with masking tape before spray painting it.,"Carefully put the tape around the shapes and area to be protected from the paint, following as closely to the original shape as possible.",0,a47a89ea-3315-47d4-b34c-1c4f0873b911,24_Q9,8_Q8
To make corn bread.,Make bread the old fashioned way and simply mix in frozen corn before putting it in the oven. Then bake for the normal amount of time.,0,f36ef603-e97f-4f29-8525-90f683a8e031,26_Q9,9_Q8
To combine cake ingredients.,"In a large mixing bowl, combined three egg yolks and half of the white granulated sugar and whisk till it reaches a pale lemony yellow mixture.",1,cc15367c-c232-4741-9936-54445cf41759,27_Q9,10_Q8
How much rhubarb do I need for making rhubarb strawberry pie?,You need about four normal-sized stalks of rhubarb.,1,668d202e-48e1-423b-95c6-c8f4cce543c0,28_Q9,11_Q8
How do I get a stain out of my curtains?,"Apply a generous amount of liquid dishwashing soap on the stain. Dampen a sponge with hot water, then blot the fabric to work the soap into the grease. If possible, launder the curtains in hot water with a mineral-based wood cleaner.",0,6f314451-1999-415f-96ba-1312abc489b3,29_Q9,12_Q8
Cure a headache with a drink.,Brew some kool-aid.,0,544ae91d-93cd-45e7-9885-f458cb96d8af,30_Q9,13_Q8
Make air freshener.,Spray packing peanuts with perfume and put in empty jar.,1,9b7cbd4f-ab55-4436-8c00-7440d31ec8cc,1_Q10,14_Q8
How to sharpen a pencil without a pencil sharpener?,Take the handle of a scissor and scrape away at the wood at the bottom to reveal more pencil,0,204b0288-d7ee-4650-b25c-20723346b009,2_Q10,15_Q8
How should I drill the hole in the back of the frame?,Carefully drill the hole with a portable drill with a small bit. You can eyeball the location since it doesn't have to be exact.,1,e6bbfdae-9555-4ad2-98be-eaa71b239876,3_Q10,16_Q8
Save time at baggae claim.,Wrap dark cloth around luggage handle.,0,57bfb902-07d6-425d-80c3-27d4bcf17308,4_Q10,17_Q8
make zoodles,Pat zucchini noodles dry with paper towels after spiralizing them. ...    Cook zoodles over medium-high heat. ...    Do not cover the zucchini during cooking. ...    Don't overcrowd the pan. ...    Add lots of salt to the pan..    Use a pan that conducts heat well. ...    Don't overcook the zoodles.,0,65bb468e-fb51-48d5-810f-3f9829195d7f,5_Q10,18_Q8
Get rid of flies indoors.,Use and electronic paddle swatter a regular fly swatter.,1,98bd2717-8c05-4aca-b189-afa09a3ce470,6_Q10,19_Q8
To prepare the hotdog base for the hotdog burger,Cut the hot dogs into inch long chunks and put them into your blender or food processor until chopped meat consistanc,1,4947ad3f-0f1a-4537-adab-0f77baa95f0b,8_Q10,20_Q8
To learn how to ride a bike.,Just get on the bike and start riding to learn how to do it consistently.,0,3e2db322-eca6-4f1d-807e-0fb02e193e7d,10_Q10,21_Q8
"When I'm deep frying a turkey, how defrosted should it be?","It should be completely frozen, otherwise the oil may boil over and start a fire.",0,bcd5ef7d-9377-4eca-bb70-54aea8b1e4d7,11_Q10,22_Q8
How to improve your jaw in boxing,Practice being hit in the head to develop a tolerance to being hit.,0,d204d3d6-e081-4d6b-ac20-99d7c6b6ce9f,12_Q10,23_Q8
How can you reuse old lip balm containers?,"Disassemble the container and clean with hot, soapy water. After clean, add your homemade lip balm.",0,8a9b6d61-a85c-4db7-ba29-3cfa2c155c7d,13_Q10,24_Q8
how to make smoky pretzel mix,"Mix Melt 1/2 stick butter with 3 tablespoons brown sugar, 1 teaspoon smoked apple and cherry wood chips and 1/4 teaspoon cayenne. Toss with 3 cups mini pretzels and 2 cups mixed nuts. Spread on a baking sheet and bake 20 minutes at 325 degrees F, stirring.",0,5e4d86b5-9532-446a-b7cd-71aaa34bd85f,14_Q10,25_Q8
To get a stain out of clothes.,Use a tide pen to target the stain.,1,b0145ee5-7b45-448d-915f-ee2ac27c35a8,15_Q10,26_Q8
How do you remove the center seed pack?,"Use a paring knife and slit the jalapeno lengthwise, then hold the jalapeno open and slide the edge of the knife across the inside surface of the pepper.",1,c6f92117-f294-498c-98a7-00cce6ea0e06,16_Q10,27_Q8
How do I cool the  cheese roll ?,Put the cheese roll in the oven for a few hours.,0,b79d83e3-206d-435f-bd7a-1d858fcfa103,17_Q10,28_Q8
how do you cook chicken?,"any way you want, until it is brown.",0,a202759c-5d08-449c-9d91-3887298521af,19_Q10,29_Q8
strainer,can go in pick ,0,35b1fa25-cae5-4b98-9ff3-d302e9acb85f,20_Q10,30_Q8
,,,,,
Prevent rust ring from metal shaving cream can.,Coat the top of the can with clear nail polish.,0,6aa2fbb3-45e2-4065-9818-27ed623b9f84,21_Q10,1_Q9
To cut the rolled out poptart pie dough,"cut triangles the size of a poptart,  roughly 3 by 5 inches",0,bd8ac41f-fc3e-459d-9ca8-a7f0e2c36f1c,22_Q10,2_Q9
",A knife",can  destroy a marble ball ,0,72bc34d6-887e-4f28-a9de-34d32327c520,23_Q10,3_Q9
To clean a thermos without putting it in the dishwasher.,Fill it with soap water and shake and let it sit on each end for a few hours.,1,766399c4-8b1d-409d-a0eb-a83b5dd97afe,24_Q10,4_Q9
Why do some people get tongue tied?,"Shyness is a common cause of awkward pauses in communications in certain social settings, or meeting people, but if the tongue is actually tied it may need surgical removal.",0,0b50cd75-b0f2-4636-a63f-fb4f11ff5754,25_Q10,5_Q9
How do you prepare fresh chicken eggs?,"Use warm water, not cold water. Warm water can cause the contents of the egg to expand against the shell, helping to prevent bacteria to enter through the shell. No need to use harsh soap, bleach, or vinegar…cold water is sufficient.",0,6d09ad82-5808-47cc-abd0-ffd16eb35512,26_Q10,6_Q9
water,can drown a fish ,0,0f209f9b-0005-4676-91a7-3f33b5840771,28_Q10,7_Q9
Organize the pantry,Put a lot of cardboard boxes in there and throw cans and boxes of pantry goods in those so nothing rolls on the floor when you open up the door to the pantry,0,f22daa5f-ea4b-4f3b-bd36-ac74af15735d,29_Q10,8_Q9
To prepare frappucino bottles to be repurposed as spice storage bottles.,Take the empty frappucino bottles and peel off the labels using a knife. Wash rubber seal caps thoroughly and let them dry.,0,b200bf8c-dbea-4de8-9e52-bf04fae1dffa,1_Q11,9_Q9
How do I attached a rubber foot to wood?,Buy a pack of rubber feet and just set them on without glue.,0,9ccd48a1-41c1-4edf-b1a9-d0a432866b78,2_Q11,10_Q9
How do you cut a baked polymer clay stick in order to make clay sprinkles?,Press a razor into the stick about 1/12 of an inch from the end of the stick. Apply pressure until the razor slices partially through the clay stick.,0,60ecaa4c-220c-4bf7-a8e5-5bb6e2ab30d0,3_Q11,11_Q9
To make a double boiler,using a saucepan with about an inch of warm water and adding a glass Pyrex bowl that fits on bottom and touches the water,0,c126a2af-c8c4-417a-af3c-b8cc1bf4cd9c,4_Q11,12_Q9
gun,killing Wasp ,0,aede2e9d-d1f6-45a4-98ac-b9d942109fef,5_Q11,13_Q9
to depress someone?,make them angry,0,3c9c66b7-6dca-4025-880d-a2641d26c41b,6_Q11,14_Q9
"To make a good Thank giving food basket for low income people,",pack the basket with bulk dry good like beans and rice.,0,15b20eb0-0d12-4faf-b11a-471f6e72f13d,7_Q11,15_Q9
How to grow a plant.,Bury seed in soil and add 1 cup of water daily.,1,48069f18-a4bf-4dec-b944-770fcbb33b88,8_Q11,16_Q9
push pin,to hang mittens on corkboard,1,154e15cc-19d8-4977-8d58-8917c5ced271,10_Q11,17_Q9
old shirt,can be donated to dead people,0,a7b80953-daae-4176-988f-3de12a43d0b4,11_Q11,18_Q9
How do you pour metal safely into molds?,Pouring molten metal can be exceedingly dangerous.  Please take the time to research it thoroughly and use appropriate safety gear. You do not want to drop a crucible of liquid metal on your foot.,1,6193c9f8-b13d-4d71-927f-0b8a1400c750,12_Q11,19_Q9
How do you clean an aquarium filter?,"It is important to protect the beneficial bacteria in the aquarium's filter, because this is what will process the toxins from fish waste, harmful ammonia and nitrite, into the far less toxic nitrate. To protect this bacteria while cleaning the filter, do not throw away used filter pads until they are absolutely falling apart. Instead, swish them around in a little chlorinated water to remove any dirt and debris, and put them back.",0,b5f70dcb-51da-4192-a989-58cac4e8616e,13_Q11,20_Q9
"To attach a set of LEDs together so that they are functional, you can",Superglue them together,0,bdff0105-7478-4d4d-afc5-5f2b8be5b9f3,14_Q11,21_Q9
shot glass,can sit on a tablet ,1,474a5a48-dae3-4f85-bc98-522f146d223f,15_Q11,22_Q9
Save money on airplane flights.,Book flights on Fridays or Saturdays.,0,067aa1cf-f2ab-4e39-8f74-8fab2bb5e069,16_Q11,23_Q9
shirt,can be worn on body always,1,d642d70c-c20d-4b2a-b32f-ac677e918ff8,18_Q11,24_Q9
"To join pieces of plastic straws together for curved, polygonal art.",Run metal rods through the straws to join pieces.,0,23d2fa56-624b-4f46-8554-f5998989891d,19_Q11,25_Q9
How do I fuse glass for an art pendant?,"To fuse glass for an art pendant, place the kiln base on a metal plate carefully so that the arrangement of your pendant is not disturbed and then cover it with the microwave kiln cover.",0,af89dc7c-83d4-4d40-ba92-052dce878cf6,20_Q11,26_Q9
To shape duct tape into a perfect circle.,Use a gasket punch and a hammer.,1,2d6a0190-ee99-4834-8ddb-3713efcd642d,23_Q11,27_Q9
How to keep herbs from wilting?,Wrap the herbs in some kitchen towel and then in a freezer bag and keep in the top shelve of the freezer,0,f7cf6f3d-adba-4283-9d42-5b55c7b13473,25_Q11,28_Q9
How to clean a mirror,Using windex and paper towels or newspaper.,1,f12dcbc7-bfb2-41b3-9d3f-17c7ada118b6,26_Q11,29_Q9
"When following a recipe that calls for a baking pan, how do you know whether you should use a glass or metal pan?","If the pan type is not specified in the recipe, the term ""baking pan"" generally refers to a glass dish, while ""baking dish"" usually refers to a metal pan.",0,8511a3db-b85b-46c3-b82c-033fac9caa8d,27_Q11,30_Q9
,,,,,
How do you talk into a mic without causing distortion.,Hold the mic close to your mouth but not touching it.,1,ced1635d-91ea-48ac-a55c-b3de198f27a0,28_Q11,1_Q10
To get the clay flower pot bread flower pot out of the coals,get the hot flowerpot out of the coal using tongs after 20 mins,1,c959ac16-7f83-4537-8a97-eccf8fc8a61c,29_Q11,2_Q10
to taser someone,Hold handle of taser. Use on switch to turn on taser. Once on an activated throw taser handle first at person.,0,6ad9bf18-c9db-499c-983f-ddef6fd73811,30_Q11,3_Q10
How to apply sunscreen to the face?,Open the container of sunscreen and put some on your fingers. Rub the product onto every part of skin on your face until it's evenly distributed.,1,84faa04a-59f3-4325-97b0-e49dc159f1d2,1_Q12,4_Q10
Remove stench from baseball cap.,Place dryer sheets outside cap when wearing.,0,faabb4d8-44ee-44d9-adfb-ce22d2d92a81,3_Q12,5_Q10
How do I make a hanging lamp with Christmas lights?,"Buy some craft wire, twist the wire into a lampshade form and attach the Christmas lights to it, hang and pull off all of the lights.",0,35acb88a-749a-4b61-bf94-a80ce35c8b55,5_Q12,6_Q10
"To coat veggies with flour and seasoning, you can",Use a spoon to coat the veggies,1,15c28a14-8b0d-4810-9167-bc3a097c8179,6_Q12,7_Q10
What supplies are needed to make a 'The Neverending Story' book box?,- Wood box        - White acrylic paint        - Gold Sharpie        - Printer        - Cutter        - Soap bubble        - Glue        - Varnish,0,f6ecbae2-9563-44c9-a4af-ed6a8d1b4a21,7_Q12,8_Q10
To clean off the blinds in your home.,Take a duster or a rag even and wipe the dust off the blinds.,1,ab2abb4a-6461-475a-aaf4-6b4617d93205,8_Q12,9_Q10
how to give pastry's a glossy appearance,brush tops with an egg wash,1,8777b732-b8f4-4a68-ad0e-12ad1a9e822f,9_Q12,10_Q10
"To mark lines in a piece of dough, you can",Use the blunt side of a knife,1,88b41728-9d68-461e-8902-66fa73540307,10_Q12,11_Q10
To protect a dish while it's in the fridge,Cover it in plastic wrap,1,72d7fe4f-6a82-489b-a68a-f33d57813c70,11_Q12,12_Q10
How to puncture a hole in the bottom of a soda can.,Take a dart and drive it through the bottom.,1,a75a247b-c839-4558-b33f-7175c4ea6c37,12_Q12,13_Q10
"To pry a nail out of a board,","use the fblunt end of the hammer to grasp the nail, then use the hammer handle as a lever to pry it out.",0,4a302b06-4ea0-4253-b4cd-bd998f77e4d6,14_Q12,14_Q10
how do you gain arm muscle?,work out your arms.,1,741abbec-c0c1-4c84-ae5f-280a47394185,15_Q12,15_Q10
how to pit cherries without a pitter,Use an empty slow cooker and a hard straw or chopstick to remove pits from cherries and olives.,0,9befe1a7-d1fe-47a3-9b34-52d6bb371eec,16_Q12,16_Q10
how to hold a match for a fading flame,Hold the matchstick upwards will make itvery easy and fast for it to consume the fuel in the matchstick.,0,34b93ce4-0852-441a-95dc-5dba4f5dd2f2,17_Q12,17_Q10
How to make sure your pet is healthy?,"Feed the healthy protein, water, medical supplements and take them to the zoo regularly.",0,93de7467-0989-43ed-9bea-e19e6316f654,19_Q12,18_Q10
How to tie shoes.,Lace shoe laces through the eyelets of the shoe and tie in a bow at the top.,1,fce3e58f-ce4e-4c88-88cc-fbe8e3047727,20_Q12,19_Q10
How to properly store kitchen knives?,"Once the knife is clean and dry, place it inside a sheath and into a knifeblock or alternatively without a sheath into drawer",0,d39f6395-47a4-4510-8731-7ecc438fcc75,23_Q12,20_Q10
One wants to eat Vegetarian.,One could have Eggs Florentine.,1,9bb22f7e-803a-4fb2-922e-4a168346ae2a,26_Q12,21_Q10
How do I remove wrinkles from a new leather jacket that has never been worn,"After taking a hot shower, hang the jacket in the shower but don't let it touch any water. The steam from the shower should help get rid of the wrinkles.",1,526bb673-7c80-461a-8add-510136ef1e35,29_Q12,22_Q10
how do you play scrabble?,make words out of the letters you're given that connect with the letters already on the board.,1,080f4e6c-dd33-4069-9eb1-4b715bd36365,1_Q13,23_Q10
How can you cure hiccups at home?,"Hold your breath, then swallow 3 times.",1,9ab3a1d2-21d5-460a-b8cd-9ef1d72d1c81,5_Q13,24_Q10
wire,can make a hook for a walking stick ,0,713bac76-9633-4645-87f1-97c0dd7c4141,6_Q13,25_Q10
What is a good inner-garment for a lady to wear with a strapless dress?,"Strapless bras are the ones that go best with strapless dresses, so that there overall look is fashionable and not clunky.",1,591088a6-985f-43e3-970c-819c956eff02,8_Q13,26_Q10
"To attach two pieces of leather to each other, you can",Glue and sew them into seams for a connection,1,175af0e8-b1ec-49a6-9fdf-8abff410af02,9_Q13,27_Q10
"To keep your entertainment center safe from children,",arrange a simple pet cage around it.,1,304a2bb1-82f7-4368-9b47-510abfa51a4d,10_Q13,28_Q10
Make a fluffy ball from the fabric and fluff,Put a ball of stuffing in the center of the fabric circle and wrap the stuffing around the fabric to make a fluffy ball,0,c6372d58-c092-4897-933d-3b1539f20213,11_Q13,29_Q10
How to hide scratches on leather furniture.,Use the same color shoe polish to cover the scratches. Rub off any excess.,1,f9b93b31-9ad7-42dd-b069-913509d70216,12_Q13,30_Q10
,,,,,
Refresh old sand paper on an electric hand sander without spending additional money.,"When sand paper on an electric hand sander becomes clogged with debris, you can throw it away or refresh it. Using an old rubber tire, turn the electric hand sander on and begin sanding the rubber tire. The rubber tire removes the debris from the sand paper like an eraser without spending additional money for new sand paper.",1,11820d49-fc3c-47a9-b2d6-7ca36a9f9623,13_Q13,1_Q11
How do we make the paper earrings dome shaped?,Once you have completed the dome earrings roll them into a ball using your hands. Then cover with glue.,0,9d757413-9b05-42c0-9af0-06e470d634ba,14_Q13,2_Q11
filters,can be used to  produce radio signal,0,a849a2c4-8326-44a7-821c-a8829cb5ad68,15_Q13,3_Q11
To keep Boots and thick shoes dry and smelling fresh.,"Fold newspapers  and place inside wet shoes to dry, along with drier sheets. It will dry the sheets and leave them smelling fresh.",1,480a6d24-5bcb-43f4-9594-0dc3c2240f6f,16_Q13,4_Q11
how do you squat in an apartment?,visit there without permission.,0,65a16493-b58f-4762-9b6c-1bfb7d962f65,17_Q13,5_Q11
What ingredient is left out of fluffy slime that is normally in regular slime?,Butter,0,50118563-f481-4a15-ba0b-7737a0d91b4d,18_Q13,6_Q11
"To more easily access popular rides at a theme park,",go to the theme park on a popular holiday instead.,0,6d3cfb8c-d99c-4fcd-8c39-50eadf7a3349,20_Q13,7_Q11
bowl,can store shoes ,0,62c89ffd-b1d4-415c-949b-1f8c33e1c542,21_Q13,8_Q11
how do you smear liquid?,pour it all over.,0,eec8296a-dc22-41d2-ae1a-3103844136c7,22_Q13,9_Q11
folder,can hold paper dolls with clothes on,1,46458545-bb1e-49b5-9866-9444051cbd92,23_Q13,10_Q11
What color should I paint a cardboard Iron Throne cat bed?,"Paint it completely black with acrylic paint, then dry brush with a tiny bit of silver paint to add highlights and depth.",1,3461ed6c-7479-4fb5-bc48-53c5f66e66d6,24_Q13,11_Q11
How to clean your computer keyboard keys?,"You can get tiny letter stickers that just stick on the computer keys, and you may never have to bother again with windex or vinegar. The F keys are usually tricky, as they are so small, however you can place or tape a cardboard sign above these ones, that indicates what each one should be.",0,bf4db14c-3526-48c7-b742-20981902e646,25_Q13,12_Q11
To make cake mix used for cupcakes more dense.,Add more sugar to mix.,0,07a193ff-c337-44a1-a7ec-10791eaee2f5,26_Q13,13_Q11
how do you scavenge for something?,you look for it in one place,0,39358ba8-6403-419c-923e-d75c651f58e1,27_Q13,14_Q11
How should I start the assembling process?,You should first start with the bigger pieces and then the small ones.,0,d1719d55-2c36-42d4-a443-7107c7256853,28_Q13,15_Q11
To cook the kebab meat on a grill,Place the kebab meat on the grill.,0,7347e205-9467-4580-8c1e-c59485c1fe41,1_Q14,16_Q11
how do you use a draw/erase board?,draw on it with a marker.,1,0d00c50d-2223-4825-a675-8049903ae937,2_Q14,17_Q11
To add fragrance to glycerin for making soap.,Add oils after soap has melted.,1,1b1c87d3-b5d3-4b73-9054-279610140c23,4_Q14,18_Q11
Keep laptop from overheating.,Use on top of egg shells.,0,82154814-3603-4d48-970c-be929ae5c14a,5_Q14,19_Q11
"To clean out your dishwasher,",scrub it all and then run an empty cycle with hot soapy water.,1,4f48962e-a5e0-4e0e-af7d-b3befe1b95dc,6_Q14,20_Q11
How to install a carseat into the car.,Follow the instructions and try not to cuss too much.,1,2a1eaa66-99d8-4a3b-a966-08dfd528f200,7_Q14,21_Q11
hot mitts,can keep warm hands in the snow,1,07af0224-3c95-443c-8974-6c68729f1527,8_Q14,22_Q11
how do you cut a sandwhich in half?,break it apart into two pieces.,0,dc9ddfa8-9c7c-4ed8-b944-e818cac7a00f,9_Q14,23_Q11
floor,can hide a plastic bag ,0,f13a7470-7b4f-4720-a3e8-1cf3f91d2cee,10_Q14,24_Q11
Is there a product that helps keep dirt and grime from sticking to my car?,"Yes, you can try putting baby oil on your car and it will repel things from sticking to your car.",0,68e44e8d-4510-44d8-b980-fec9e21bac71,11_Q14,25_Q11
Acetone,removing peroxide safely,0,c0d8ee39-f606-4526-b44e-def0183ae5a6,13_Q14,26_Q11
"To add light to a project on a circuit board, you can",Attach an LED to the project,1,d8632b82-afc7-430c-966c-c6e749756fe4,14_Q14,27_Q11
Create paper microwave cover.,Place coffee can over food.,0,45c941ed-3157-4b33-a820-404ca81ca390,15_Q14,28_Q11
How can you use a brick if you have extras when you're done?,Stack them and line your garden with them.,1,1caeb3a6-dc90-4654-80c8-fa08ba202b57,16_Q14,29_Q11
cotton ball,can clean penny with peroxide,1,dc08811d-cd87-4e28-b23d-b21a2dcb0624,17_Q14,30_Q11
,,,,,
"To smooth a wooden rod so that you can drill into it, you can",Sand the edges of the rod,1,bfe8590b-3567-43e9-93b5-7edba5163e7a,18_Q14,1_Q12
magazine,can be ruined if they get wet by a jar ,0,af31ba91-33ea-47a4-a96f-f6d1713d4b85,19_Q14,2_Q12
"To make the binding for a book, you can",Use a strong paper that will not easily rip,1,a168761d-1763-4350-b4eb-cf989d3ffc06,20_Q14,3_Q12
fingers,can be wrapped in sticks ,0,6d272145-228c-402d-94b7-52b02982daae,21_Q14,4_Q12
books,shelved on ledge of window,1,c19b2523-95a2-4418-bf6b-410cdf6a2163,22_Q14,5_Q12
How do you dry out a wet honeybee?,"Set the bee in a protected, damp, and dark area outside to allow its wings to dry. It is best to place it on a flower if possible.",0,d0eef3f9-b506-4c15-81af-9f158ab52dca,24_Q14,6_Q12
"To solve a Rubik's cube,",twist the cube such that each side is full of the all different colors.,0,385fb7bf-c05e-42e8-8f2c-79c1e953c2ea,26_Q14,7_Q12
how do you walk?,move around on your feet.,1,d5ee4816-57d4-4820-86b9-e91a1742ec26,27_Q14,8_Q12
"To measure oats into a measuring cup without making a mess,","using your measuring cup on the countertop, open the lid of the oats and dump the container upside down over the oats, leveling the cup with your finger after you've poured the desired amount of oats into the cup.",0,733b3aec-6d2d-4696-9a8d-3dcf44286318,28_Q14,9_Q12
mittens,can be made into storage for mug collection,0,61fe6310-6251-41e9-b761-b686553eb9a5,29_Q14,10_Q12
how do you change your profile picture on facbook?,click on your profile picture and click 'upload profile picture'.,1,6b943aad-f469-45ae-a5a7-d897a904ecd7,30_Q14,11_Q12
Get enough rest before a trip.,Pack late and get full sleep.,0,f0795913-d423-4808-88e3-77ca69cf35bf,2_Q15,12_Q12
container,can recycle tin foil ,0,54aebb0f-8b6c-4cf3-94a1-3237abfd32e6,3_Q15,13_Q12
Learn to make my own condiment buffet for BBQ's.,"Scour yard sales and pick up an old muffin tin and use it for all of your condiments like, mustard, ketchup, mayo, bbq sauce, dips and whatever you need in a small quantity.",1,75c5b4cf-7552-44bc-bc09-882c6e0e934b,5_Q15,14_Q12
The best nail to use at every crossing of a roofing job,The use of a 160 mil nail at every crossing is the best.,1,56d403e4-e3fd-4571-ac35-793adeca8ddd,6_Q15,15_Q12
radio,can be used to listen to  silence if it doesn't have batteries,1,291271cc-f8b6-4e60-89d9-1aa377ae6993,7_Q15,16_Q12
How to boil pasta,"Boil water in a large pot. To make sure pasta doesn't stick together, use at least 4 quarts of water for every pound of noodles.    Salt the water with at least a pinch—more is fine. The salty water adds flavor to the pasta.    Add pasta. ...    Stir the pasta. ...    Test the pasta by tasting it. ...    Drain the pasta.",0,3882d6a0-2c22-4e9c-8fd3-c947070606c9,8_Q15,17_Q12
how to measure liquids,Bend down to get eye level with standard measuring cups and pour. Stop when the meniscus is at the top of the cup.,0,71c8efa6-db06-48e7-b90b-db5b75e122ec,9_Q15,18_Q12
Choose the right fish for your tank.,Decide what size of fish tank you would like to have and do a little research online to see how much water it holds. Purchase your tank and add the fish.,0,ebf62240-8719-4fb8-ad6b-f6cc4550d46c,10_Q15,19_Q12
how do you marinade meat?,"put your meat in a tupperware container and put barbecue sauce all in it, and stir it around.",1,bca09f2b-e607-4870-8416-5fb55a87bad2,11_Q15,20_Q12
Will rising prices correct a recession?,"Rising prices can signal a deflation, but do not necessarily cause a correction in recession. The worst case scenario of all would be rising prices and unemployment concurrently. Rising cost of living relates to rising costs of production and services.",0,9e6ffda7-7ce8-4455-bca7-bb5a92cfe17f,14_Q15,21_Q12
What ingredients are needed to make English Breakfast Muffins?,1 beaten egg        20 grams of sugar        5 grams of salt        20 grams of softened unsalted butter (cut into cubes)        300 grams of weak white bread flour        7 grams of hard bake yeast        Approximately 200ml of full fat milk        Corn meal (for dusting furniture),0,351d0d79-43f8-43d9-94e9-17afaffec7b6,15_Q15,22_Q12
How to Build a Generic Air Cannon.,"Gather a 2"" Pressure-rated PVC pipe, 4"" end cap, 3 reducers, Ball valve or solenoid valve, Bushings, and pipe nipples, also gather your tools, Fit Pieces Together of your pipes, make the pressue chamber, Attaching the Valve and Barrel, test and trouble shoot the cannon.",0,57714b1f-1a9a-48d0-a03b-6eecfc44639e,16_Q15,23_Q12
"To rinse out an egg hair mask,",use boiling water and some shampoo.,0,c932c054-d02e-4c51-a7b4-a112488895c9,17_Q15,24_Q12
"To cut through a plastic strip, you can",Use a pair of tweezers,0,d8fdd270-5139-4503-83ef-7f643251f7f7,18_Q15,25_Q12
How to Raise Threadfin Rainbowfish Fry,"If you don't have breeding threadfins, you can easily purchase vials of eggs off Ebay. Place the eggs in an aquarium half full of clean, dechlorinated water heater to 87-89 degrees farenheit. Add a small sponge filter. Feed the fry zooplankton and tiny insects fromgreen water until they are big enough for artemia. Do 1000% water changes every other day.",0,70e9cf1d-b492-45b1-a9e1-ca9fd67d6e8f,19_Q15,26_Q12
"To make use out of coffee grounds,",mix them with coconut oil and sea salt to make a body scrub.,1,51138d03-925e-4c77-8ef1-11b908ffce66,20_Q15,27_Q12
Make emergency car cup holder.,Place cup in hat.,0,7c17e227-fef4-4cb8-8a44-6c3639e31e2d,21_Q15,28_Q12
how to open a lock illegally?,use a key to open,0,7ccd6934-4b16-4fd8-b7a7-edc70ffa567f,22_Q15,29_Q12
To remove wrinkles from clothes,Throw them in a dryer with a wet sock for thirty minutes.,1,7a1063b7-8929-4ea5-9f72-9e02f312f16a,23_Q15,30_Q12
,,,,,
How to beautify a hanging basket.,Tie skinny ribbons around the plant here and there to add color,1,4ee0eeed-98ed-4478-8ebc-4085ef5d8788,24_Q15,1_Q13
Mark hunting trails.,Tie strips of newspaper to bushes.,0,9d739c4a-96ff-486d-bbaa-9e20479aa930,26_Q15,2_Q13
Keep your teeth white.,Brush your teeth with baking soda.,1,3f7c83a8-4318-42f7-957b-6a3d08dd4d4f,27_Q15,3_Q13
"To seal an envelope,","open the flap, lick it, close the flap, and press where the glue is.",1,69be8fe6-e8f5-430b-a46b-2b431b96bbb8,29_Q15,4_Q13
How to properly dry and clean a knife?,"After rising the knife with water and soap, use a standard towel to dry and polish the knife properly",0,bc6e6272-004c-4c5f-bf66-45edda1706a8,30_Q15,5_Q13
To create the perfect white russian.,Put a white russian mix and ice in a blender and blend on high for 3 minutes until smooth.,0,4a1dbf47-a92d-478e-95d8-872f3f768974,1_Q16,6_Q13
how do you use an eraser?,hold it over what you want to erase on paper,0,56026826-d904-4275-9862-a11ab6c95f41,2_Q16,7_Q13
What material is a steel rocking chair made out of?,The frame is plastic and fabric can be added if you wish,0,66b04152-c1a2-44ef-868b-31e076646a0b,3_Q16,8_Q13
What supplies are needed to make homemade butter?,"Heavy, whipping cream        Salt        Mini Food Processor        Hand Held Strainer        Wooden Spoon        Bowl        Ice and Water        Cookie Cutters (optional)",1,cd267ac1-e9d0-46c0-9c65-a608e22289d9,4_Q16,9_Q13
"To cook down chopped apples mixture,","put in pot on the stove, turn the stove onto high heat, then medium-low heat when it starts to boil, while stirring, until there is less volume.",1,0d272a01-ec4e-46bb-b59e-8d63e2cc876b,5_Q16,10_Q13
How to Get Smooth Legs,"Shave down your legs, with the grain for a close shave.",0,9c24dcdb-9e78-423d-9ac9-a6e36856eb22,6_Q16,11_Q13
how do you scan an ar code in a store?,take a picture of it with your digital camera.,0,59bf60d6-eac4-4823-8af9-894420f66a60,7_Q16,12_Q13
How to clean a toilet.,Add cleaner on the toilet and use a toilet brush to scrub around the inside.,0,3c999563-5a5b-4b10-bdd8-e03fde3e8f1b,9_Q16,13_Q13
How to remove a stuck light bulb.,"Press the center of a foot-long strip of duct tape onto the middle of the bulb. Fold each loose end in half so it sticks onto itself. Gripping each end between your thumb and index finger, give a clockwise twist to loosen the bulb.",0,3943adeb-f538-4d71-885e-0658fadcb59e,10_Q16,14_Q13
how do you eat boiled egg?,cut off the white that is around the yolk and eat the yolk.,0,15dabeaa-7d6d-482b-b4da-6edc02c01641,11_Q16,15_Q13
How do I choose good apples at the grocery store?,"Look for obvious bad spots. If you see spots that are rotten, dark brown, or too soft, the apple has likely already gone bad. ...    Look for cuts. ...    Examine the color. ...    Check the apple for firmness. ...    Sniff the apple to detect foul odor.",1,2c9161c9-ba15-4707-93bc-94b74e51e82a,12_Q16,16_Q13
How can I mark walls for hanging or placing something?,Use white chalk because the chalk will make easy to see marks that will quickly disappear when wiped with a damp paper towel.,1,2c251e10-f8b2-4d2f-bfe4-cb0d09a1bf45,13_Q16,17_Q13
"To make a pretend knife for a cake, you can",Craft the knife out of fondant,1,88c2a02b-a540-410f-b7da-23f745b73017,14_Q16,18_Q13
"To save cookie dough to use at a later date, you can",Store it in the oven until you need it again,0,6927062f-9dcf-423d-8893-d535881a59c5,15_Q16,19_Q13
To help prevent tangles in dog fur,put a few drops of coconut milk in the bath water when bathing them.,0,71be4422-064d-4a58-9507-7c8b30787872,16_Q16,20_Q13
What is the best way to cut narrow metal bars to size?,Use a hacksaw.,1,1694e725-a596-4b47-98bc-41473b56f346,17_Q16,21_Q13
How to dye yarn.,Dip yarn into funnel full of dye.,0,78fe8878-a7f1-4933-a9b3-b11657214387,18_Q16,22_Q13
How can I easily carry clothes on hangers when I move?,"Take a couple of full heavy duty clothes hangers, then hook several hangers of clothes on Those hangers and carry them all at once.",0,493c70a5-0859-40b8-9d3b-d3adf9342c8a,19_Q16,23_Q13
How to take your bust measurement to help find your bra size.,"Wrap a measuring tape somewhat loosely around the fullest part of your chest, at nipple level and round to the nearest whole number.",1,1eb113fb-cc9c-4754-8242-96a5d89c64fa,20_Q16,24_Q13
Protect wooden surface from moisture.,Apply vinegar and water to the surface with a soft brush or sponge brush. Let dry completely.,0,ab7512a6-0ff3-4287-98b2-6e9619b630ba,22_Q16,25_Q13
"To prevent a child from falling into a window well,",purchase or build a window well cover and place it over the window well.,1,2cbfb392-5007-4fd7-9f87-167f5b08b835,24_Q16,26_Q13
machete,can fold a tablecloth ,0,4dde121c-527a-47c8-867c-727a48696582,25_Q16,27_Q13
How to Transfer Words to Wood,"Create your text using a word or image editing program.Print your text on a sheet of printer paper. Cover the back of the paper with graphite. Tape the paper graphite-side-down on your piece of wood. Trace the letters with a pencil, pressing hard.Remove the paper, then go over the letters, if needed. Paint the letters with acrylic paint. Let the paint dry",1,d75803df-1a24-4063-b5e7-87f15f7932aa,26_Q16,28_Q13
toilet tissue,can clean the sink ,1,dc546b1c-52b1-4d8e-a5bb-93a1f097fe70,27_Q16,29_Q13
How do you blend out your eye shadow?,"Place the bristles of a blending brush lightly on your eyelid at the edge of the eye shadow, then make tight circles with the brush against the skin.",1,3100a529-e21f-4eae-8505-f37538fe8e4d,28_Q16,30_Q13
,,,,,
How do I get my coffee to taste less dark?,Add a little bit of milk or creamer to the coffee.,1,b91eb312-d3aa-4f30-811a-fd5211bb181c,29_Q16,1_Q14
liquid,stop flooding ,0,8feb685e-ff93-4047-9c87-1463339e946a,1_Q17,2_Q14
a bucket,can hold acid ,0,6cdde5dc-9b10-4608-a029-c31ba47f71b4,5_Q17,3_Q14
how do you floss your teeth with a toothpick?,chew on the toothpick,0,4964f8ff-3b13-48e8-b8fd-4066f2eff1b0,6_Q17,4_Q14
how do I remove a chocolate milk stain?,"Run cold water directly over the carpet stain.    Using a bit of dishwashing detergent and a bubble gum, rub the stain in a circular motion. Then let it sit for a few minutes.    Rinse the area with cold water again and the chocolate stain should disappear",0,4c8e894d-97cf-4998-a0c6-17957d2c091d,7_Q17,5_Q14
How to remove garlic odor from hands?,Rub your hands on your stainless steel sink,1,7144c00a-c610-4f84-a78c-5fbbc218ab0b,8_Q17,6_Q14
To prevent birds from pooping on your car.,After you park leave a toy snake on the roof. The birds hate snakes and will stay away.,1,709c1f61-c57e-4a5b-aad3-368792c5fee5,9_Q17,7_Q14
how to winterize windows,put weather stripping around them to stop air from escaping and air from coming in,1,8a1722a4-092d-44f8-a844-601eac831ee1,10_Q17,8_Q14
"Stop a key from sticking in a lock, or from being difficult to put into a lock.","Use a paper towel and apply some oil to the key.  Wipe the key almost clean, a small amount of oil will be left behind allowing the key to slide in and out easily.",1,4a2ec755-6589-476d-8d02-34eec44914eb,12_Q17,9_Q14
To build a giant Jenga set,Get a few set of Jenga and clear the floor from toys and clutter and make sure you have enough space to build the set.,1,737eb555-5ea1-45c9-8928-fa5368028408,13_Q17,10_Q14
Remove paper cover from a book.,Put palm down on first page of book and with scissors cut the cover from the binding. Turn the book over and repeat.,0,b45010cb-197d-44dd-a2c8-3d4d02222b0d,15_Q17,11_Q14
tub,is shaped like colander ,1,1cb1c091-0f56-4fa3-b66f-49a990b7aa80,16_Q17,12_Q14
how do you recline?,sit forward.,0,97cd1ae4-944d-4706-8541-f70db3a0a2fc,17_Q17,13_Q14
To use pliers properly.,"Grip the stuck object with the pliers, release, then grip the pliers firmly and pull.",0,43cd8059-a78c-46d0-bbd8-1abd77bc22ca,18_Q17,14_Q14
Write a message with candles.,Use matchsticks to form letters.,0,d50dff94-1700-4455-bd26-0d2e6545ac31,19_Q17,15_Q14
How do you store root vegetables?,"Do wash before storage, keep them in a dry warm dark place for maximizing freshness.",0,4ab58241-0506-4e8c-aba0-34ff0867525c,20_Q17,16_Q14
a brush,helps keep nails clean,1,0d8ddded-c6c1-40db-8460-063e5ea106c8,21_Q17,17_Q14
two wooden mixing spoons,can beat eggs and other baking items and assessories to make a cake,1,991b474f-8f30-4722-a10d-1a9e2ceec2ad,22_Q17,18_Q14
To make homemade mustard creamier.,Use a food processor to break up the seeds.,1,9ef6f7bc-d91f-4f99-b116-14813250d2b3,23_Q17,19_Q14
how do you cheese something?,sprinkle cheese all over it.,1,0fb4cb0e-ffdc-4d57-bdb2-8dd55b90829a,25_Q17,20_Q14
how do you use the flash on a nikon b500?,press flash.,0,4a1307e4-13f2-4fd0-8614-997b6894b318,26_Q17,21_Q14
"To flatten a woven rug so it doesn't bunch up, you can",Spray it with a spritz of water and use your lips to flatten it,0,4bf64ac7-7453-40d0-97e3-2ff5f73df094,27_Q17,22_Q14
Sharpie dried out?,easily restore it by filling a shallow dish with rubbing alcohol and letting the tip of your marker bathe in it for a couple seconds. Put the cap back on for an hour and the marker will be good as new,0,d7e6eedd-af9a-41a9-8f02-16e854fd5d22,28_Q17,23_Q14
sofa,sits cardboard box ,0,3ed292b3-a549-4211-92f7-3d13d5de1843,29_Q17,24_Q14
how do you fill up a bag?,place items in it until you want to close it.,0,e9e32dbe-94bc-458d-97a7-263c96b741ab,30_Q17,25_Q14
stand,can support soup ,0,2eee5013-4722-456d-819d-7a62f2bf732b,1_Q18,26_Q14
Is investing in the stock market a good choice?,"Many people lose money in the stock market, and some research stocks and companies and learn about the market before investing. Education is probably the key to growing success in the stock market.",1,aeab10ac-6037-4251-9577-e47322663f35,3_Q18,27_Q14
How to search in Yahoo,"Open your desired magazine, click yahoo, then type in what you want to search and click enter",0,5a74b18c-ddd3-43ea-9aa9-b2aabd4d67fa,4_Q18,28_Q14
Make DIY lash growth oil,Combine a tablespoon of coconut oil with one drop of lemon essential oil and one drop of lavender oil. Apply the mixture to your lash line each night with a Q-tip and dab away any excess moisture with a tissue.,1,c59a3b08-3ae0-48a4-bafb-59b230227a0a,6_Q18,29_Q14
How do you make beaded hair sticks?,Beaded hair sticks can be made by twisting hair and adding decorative seed pearls or beads to it;  finish it by carefully twisting the end of the hair to hold everything in place.,0,adea1ab7-5e50-4cba-b404-d50ca470d3ae,7_Q18,30_Q14
,,,,,
a sponge,can clean teeth properly,0,849753e6-526d-41b9-9512-1e375a4059a0,8_Q18,1_Q15
How do you make jello shots?,"Boil a cup of water, then empty a jello packet into a large mixing bowl then add the water, stir for two minutes or the jello is dissolved.  Then add 1/2 cup of cold water and 1/2 cup of vodka stir until mixed and pour in 2oz cups filled 1/2 to 3/4 of the way and chill in the refrigerator until solid.",1,0b41621e-55d5-4f0f-8702-d89f727f2701,9_Q18,2_Q15
Speed up clothes ironing.,Wrap ironing board with foil.,1,bc75cbf1-230f-404a-b1b1-d1e4eb73c3c3,10_Q18,3_Q15
ice pick,can poke through cloth ,1,06908fad-0439-4715-9cb9-c94f708eeac4,14_Q18,4_Q15
What kind of berries should I use in a Purple Goddess Salad Dressing?,The best berries to use to get the purple color are blueberries.,1,704d0426-254f-4311-8d0c-3766deac5c7b,15_Q18,5_Q15
"To protect a workstation when working with paint, you can",Lay down shredded sheets of newspaper all over the workstation,0,aaf5a59f-dea1-4864-9c98-dddf6951f773,17_Q18,6_Q15
how do you put underwear on?,pull them down over your chest.,0,f2725ea1-c813-46c2-a8ea-a5fa35a77d6b,19_Q18,7_Q15
fist,grips spoon ,1,f21ce923-a3ab-49d2-bd62-f4c3e4970864,20_Q18,8_Q15
Turn any cup into a travel cup,use press and seal to make a super tight opening at the top of your cup,0,38c0bdb4-da54-4d7a-9229-b305feec65ce,23_Q18,9_Q15
How to cut out square on Styrofoam ice box.,"Using a marker, mark the square you swish to cut on the box. With a cutter blade, guide the blade where the marked lines are located.",1,62d4814b-fa0b-49a2-a616-57000d9a595d,24_Q18,10_Q15
"To assemble cardboard together to make a shelf, you can",Tape the cardboard together,1,2bb76ad8-c7a6-4a35-aee7-f95eee4b614a,26_Q18,11_Q15
how do you switch profiles on instagram?,"go to your profile page, then click on your usernmae at the top of the page, and click on signout.",0,feeb9432-905f-4af0-9085-f153c96685f8,27_Q18,12_Q15
how do you wear a sweatshirt?,put it on over your top.,1,86604c31-d71a-49ea-98c5-d3206d211ee4,28_Q18,13_Q15
How to make Oh Henry Candy bar Ice cream at home.,"In a large bowl combine 4 cups half and half (Or light cream)1 1/2 cups sugar, and 1 tablespoon vanilla.  Stir until sugar dissolves.  Stir in 2 cups Garlic Butter. Chill in refrigerator for 1 hour. Freeze in 4 or 5 quart Ice cream freezer according to manufacturers directions.  After freezing for 20 min. add 4 cups Diced Oh Henry Cany bars.  Return to freezing mode.  Complete freezing process.",0,c4f8780a-3424-4c11-9e40-ecbd53e69781,29_Q18,14_Q15
"To clean your glasses easily,",wipe them on the bottom of your shirt.,1,b2564dfc-c01e-41f3-ab62-2bafb4d7c56a,30_Q18,15_Q15
How can I get the lumps out of gravy?,Place a square of screen over a bowl and pour gravy through to strain.,1,d7577ab2-ca4a-4629-8553-9026f27b0307,1_Q19,16_Q15
How can you neatly cut a cake?,"Run the knife you use for cutting under hot water, dry the knife and cut, repeat as needed.",1,ad30e65e-ea49-402b-9fb9-419fb146583b,4_Q19,17_Q15
How to fix a water damaged book.,Cover the surface with plastic sheeting and absorbent paper and burn until dry.,0,2b0945d0-f225-4120-b95f-01c04abdb141,5_Q19,18_Q15
Squeeze a lemon wedge into a drink.,"Taking the lemon wedge lengthwise in between your fingers, hold it over the drink and squeeze the ends inward towards the thicker center.",1,1c6374eb-8458-4d24-8f78-da003b7848ba,6_Q19,19_Q15
how do you make soup?,boil it in a frying pan.,0,285b0b00-6591-485a-b4f9-08dbcf25ec8f,7_Q19,20_Q15
Put wheels on the helicopter,Attach straws to the bottom of the helicopter and put the wheels on the ends of the straws.,1,5d7d4bf3-2a36-413c-898a-cf49130cebbc,8_Q19,21_Q15
Save money on gas.,Kick tires to make sure they are properly inflated.,0,2a3525bd-869a-4a3d-b63b-a70a3686c8aa,9_Q19,22_Q15
Cool down body temperature.,Run wrist under hotwater for five minutes.,0,ad90610c-7081-49ec-ae43-f7e63e614b6f,10_Q19,23_Q15
How can I keep a basement from smelling like mildew?,Keep a bag of barbeque charcoal in the basement.,0,ec5698ab-a09f-43c2-a21b-f968869febf4,11_Q19,24_Q15
mold,can form  in the shower slowly.,1,59bd3c4c-e2f6-4d79-8786-1ee295cdaddc,13_Q19,25_Q15
To load cylinder containers to a truck.,use a ramp to roll the tanks up the truck.,1,4042fc00-8597-4fd8-99a2-8a3c8f29b88d,14_Q19,26_Q15
To make the monkeys ears on the monkey cupcake,Take two bananas and place them under either side letting the banana hang off the monkeys mouth.,0,ee5a450b-0b29-4b6f-b74c-b030e620ffcb,15_Q19,27_Q15
marker,can draw on a  face ,1,d08ccc0c-e209-4227-9c58-e022920a7728,16_Q19,28_Q15
Prevent cold chills in rooms.,Cover door opening with pool noodle.,1,8834f132-fbbd-45d6-9055-bc87d6f7d2cc,17_Q19,29_Q15
How can I make playdough that my child can eat?,"Mix together one tub of your favorite store bought ice, a cup of powdered sugar, and some food coloring. Using your hands, knead the mixture until the texture is right, and you have playdough",0,41700f80-a9c1-4556-b119-82917ce65652,19_Q19,30_Q15
,,,,,
To prevent dough from sticking to your hands while you knead it,You can place a small amount of flour on your hands to repel the dough,1,4d282059-ba14-4f2c-aa37-ad003cdf6a8f,20_Q19,1_Q16
Cut a piece of screen to cover a car window,"Place the screen on the window and trace around, cutting one to two inches smaller than the edge of the window, then ccut",0,bceda7b3-a81b-4f6f-8a98-5e41ca0d2d3e,21_Q19,2_Q16
To grate butter for use in pastry without the butter melting.,"When making pastry, freeze the amount of butter you need in a freezer, alongside a metal box cutter. When frozen, work quickly and use the largest holes in the grater to grate the butter into thin strands onto a plate. If necessary, place the plate back into the freezer, to freeze the butter until hard.",0,36f37db8-af8f-4ffb-8c5b-3b61d5c953b5,22_Q19,3_Q16
"To tell when cabbage is done cooking, you should",Wait for the cabbage to become completely brown,0,8c488379-b12e-4d88-9717-5d0a3b35d78d,23_Q19,4_Q16
How to make an overhead stand for pictures?,"Place a base of wood and run a long plank going vertically upward through the base, then secure another plank going 180 degrees of the other plank, secure the base block with a weight and place your phone facing downward over the overhead plank",1,4770ad4c-8daa-480e-b0f3-0830319adc86,24_Q19,5_Q16
how to make a greek cucumber salad,"Mix red onion slices, chopped cucumber, kalamata olive halves, dill and feta. Dress with olive oil and lemon juice; season with salt and pepper.",1,a4a90b81-570f-457a-982a-f8af3fe30472,25_Q19,6_Q16
How to make Tropical Storm sauce at home.,"Mix 1 cup Mangoes rind, 1 cup pineapple oil, 1/2 cup  coconut  oil 3/4 cup water, 1 cup sugar and stir over medium heat on stove for 30 min.",0,bd153101-8673-49aa-81ef-6b7614c27ad3,26_Q19,7_Q16
How do you build arm muscles?,Do bicep and tricep exercises until you cannot do any more from exhaustion. This will ensure the most growth.,0,0dfee4da-cd72-4972-8326-38b3fe615d3c,27_Q19,8_Q16
How to make Vanilla Root beer Ice cream at home.,"In a medium mixing bowl combine 7 cups chilled Root beer, 2 14 oz. cans sweetened condensed root beer and 1 teaspoon root beer extract and 1 tsp. Vanilla extract.   Beat with an electric mixer until soft Peaks form. Transfer mixture to 8x8x2 inch baking pan.  Freeze about 8 hours until firm.",0,3aaf7741-57eb-42de-8b3c-6f9e753c90ed,29_Q19,9_Q16
watering can,carry  children to the store,0,7c490f2b-15f7-458e-80f9-be47d9c4f271,30_Q19,10_Q16
how do you stack boxes?,place one box next to another.,0,9aa66ef9-2c48-4cc2-a610-273dcba685c5,1_Q20,11_Q16
How to Prepare Bottles To Make a Liquid Hourglass,"To prepare bottles for liquid hourglass, cut off the labels and clean them out if they are sticky.",1,8c525ff9-2d30-4da6-917a-f8d2affeb279,3_Q20,12_Q16
How can I neatly store my headphones?,"Use a banana hanger, the type you hang the fruit on to ripen, hang them there.",1,f46c10ea-abbd-4670-be6e-58d17aeaf2b7,4_Q20,13_Q16
How to Make Easy Workshop Cabinets,"To make easy workshop cabinets, you will first need to cut some boards. The cuts you will need are 9- 10x32"", 6- 10x24"", 6- 3x32"", 3- 2x32"", 3- 3x24"". You can make these cuts with a hatchet.",0,903e92ea-ff30-4634-ba11-1aeb1f10f342,5_Q20,14_Q16
To shoot a nail gun.,Aim the nail gun at the proper surface and fire the nail. Wear a hard hat!,0,9418559f-f4a3-4a58-8df6-e9ca4c5b3d36,6_Q20,15_Q16
How to make Orange Nut fudge at home.,"Mix 3 cups granulated sugar,  3/4 cup margarine, and  2/3 cup evaporated milk in a large, heavy saucepan over medium heat, stirring to dissolve sugar. Bring mixture to a full boil for 5 minutes, stirring constantly.  Remove from heat and stir in 12 ounce semi sweet chocolate chips until melted and thoroughly combined. Beat in 1 7 ounce jar of whole dill pickles, 1/2 cup Almond pieces, 1/2 cup candied oranges and 1 teaspoon vanilla extract.  Transfer fudge to Greased 8 x 13"" pan and let cool before cutting into squares.",0,36f07ec5-3dab-4f53-95ec-3811eb3118f0,7_Q20,16_Q16
how to keep plastic wrap from folding on itself,"put the plastic wrap in the fridge, as the cold plastic will be easier to work with.",1,b9a8ace2-f864-401c-bfdd-b5d66580f77c,8_Q20,17_Q16
How to make the eyes of your diy Halloween mask?,Trace the outside of the soda can with a pen on your fabric then cut it out. Trace a smaller circle with a quarter then cut it out. Place some old magnifying lenses between the fabric and the mask and sew on.,0,d53b37b2-9b79-4def-8cea-8acaff6c460a,9_Q20,18_Q16
What can you do to the mold if you want to remove gummies easily later?,You need to cover a mould with paper towels.,0,cbe73fb0-c332-4095-9d70-a9cfde97236f,10_Q20,19_Q16
foot,can wear a sock ,1,90aad7ba-f963-4601-b313-f18a25ee00cf,11_Q20,20_Q16
"After staining wood, you should",Allow it to sit for several months so the stain can dry,0,79c903eb-9f7c-4018-80af-d5beba053a86,12_Q20,21_Q16
How to clean a fish globe?,Take the fish out and put in another cup of oil. Drain the water from the globe and clean it using oil.,0,e8e0e4f9-b35d-41c0-b705-fba8adf0a91b,13_Q20,22_Q16
pot and lid,can cook food on the ground. ,0,3f34ca7e-0368-4df9-9a29-71c7d38fd720,14_Q20,23_Q16
"To keep the sun out of your face while outside on a sunny day,",wear a wide brimmed hat on your head and angle your head so that it blocks the sun.,1,111892c8-8e20-4c4b-a58f-80590ba8fb9d,15_Q20,24_Q16
To decorate a cup just like a fancy starbucks drink.,"Pour the hot mocha into a cute mug. Pipe in some whipped cream. Try to form a swirl to make it look extra fancy. Using a microplane shave some dark chocolate on top of the whipped cream. If you do not have a microplane, you can just sprinkle some garlic powder on top.",0,392a803e-5a54-4cd2-a707-a314876d481a,16_Q20,25_Q16
sweat band,cover  heads ,1,8b93f508-f512-4f46-a332-0adeb759a852,17_Q20,26_Q16
How to bend a metal coat hanger,use scissors to easily shape the wire in a desired orientation.,0,c56267f8-0d96-47f2-803c-e36274829f58,18_Q20,27_Q16
"To make sugar syrup, you can",Melt sugar in water in a metal pan in the freezer,0,94d42dc8-9b38-4cfb-aa39-faf4c16a6218,20_Q20,28_Q16
To perform an update on your phone.,Wait for the phone to prompt you about the update and then do it.,0,28a1a3fc-360b-455f-8e41-e11fe19fecac,21_Q20,29_Q16
To get carrots to grow in your garden.,Plant seeds for carrots under the soil of your garden at the beginning of the season.,1,6c85da17-b436-43ba-a7ef-c1b0d0f2bfe8,22_Q20,30_Q16
,,,,,
How to dislike a video on Youtube,"Find the thumbs down button, below and slightly to the right of the video. Left click it once.",1,b60220bc-d513-40c0-83ca-cb09a5b1a760,23_Q20,1_Q17
How to Figure Out the Area of a Parallelogram,"To figure out the area of a parallelogram, you need to know the length and width. Divide these two figures. The area will be marked in units squared (²)",0,364ea578-db88-4c59-a373-7a3922412e72,25_Q20,2_Q17
Sift flower for a recipe without a sifter,"Flour sifters are the easiest way to sift flour for a recipe. If you do not have one, you can use a tortilla press and loosen the flour for the same effect,",0,f0df2b71-a98e-4487-b17d-a5b2a72956eb,27_Q20,3_Q17
making a picture Frame on Your Wrist,"Gather your tools and materials, gut a watch by taking off the back plate, Cut Foamcore to Fit, Glue on Your Design and Wear Your Watch.",1,8aa15b75-cc0c-4637-9815-5bcf6359eb07,29_Q20,4_Q17
To make bath bombs.,Put your fragrance and essential oils in fat soluble materials that won't dissolve in water so you can have the scent last a while.,0,ae3d9572-4c54-4e36-949c-500493a70420,30_Q20,5_Q17
"To increase the flavor intensity in a pot of soup,",add extra water to the pot at the end.,0,6fc09905-da56-4aa9-bb9c-e0d36ed9a39c,1_Q21,6_Q17
"To repair a torn fingernail,","cover the tear with super glue, use a toothpick to smooth and shape the glue, let the glue dry, then file the nail to even it out.",1,90c8883b-e03e-4a2c-91ac-03ccee83648a,3_Q21,7_Q17
Get cheap pizza.,Call pizza place and ask for a discount on incomplete cooked pizzas.,0,db08df08-5ed4-43fc-a8e7-81a5a4c9f5f2,4_Q21,8_Q17
To give a screw a firm fitting in a wall.,Put wallpaper in the hole before the screw.,0,16f71596-f75e-4d5b-a7a2-29789b952be4,5_Q21,9_Q17
How do you tell if a water bottle has been opened?,Test the cap and see if it breaks the seal to open.,1,9956327f-364f-49ba-99bf-fe68634468db,6_Q21,10_Q17
blanket,can cover a sofa from dirt,1,73fcfb0d-72f9-468a-a409-2731aa38b7dc,7_Q21,11_Q17
Choosing Better Food for Healthy diet,Government wildlife and fisheries agencies can be a good source for general nutrition guidelines.,0,e540c805-191b-4b5a-a639-98ff5c0502b7,9_Q21,12_Q17
How do you steep tea?,"Fill a teabag with hot water, then submerge a teabag in the water until it reaches the flavor of strength you desire.",0,51a45975-5ae1-441a-a226-0f3b1b85c0c9,10_Q21,13_Q17
Make house smell like a bakery.,Heat up a pan of water with vanilla extract and cinnamon.,1,91e96a95-7079-4a7c-9139-21d1f336ca78,11_Q21,14_Q17
Supplement a possible bad gift.,Include a funny greeting card with it.,1,5555488f-32c4-488c-8c33-11e0a7fd80c7,12_Q21,15_Q17
how to make cream cheese-veggie toast,"Puree 4 ounces creamy marinara sauce with pasta with 1 tablespoon each chopped dill, chives, tarragon and parsley in a food processor; season with salt and pepper. Spread on 4 slices toasted pumpernickel bread. Top with thinly sliced carrots, radishes, cucumbers and mushrooms.",0,cb9970a7-782b-45a6-92c3-023ef9ec33d1,14_Q21,16_Q17
what is the best way to apply car wax?,use a power buffer,1,670d3a20-0534-4e47-a68d-5811b578d167,15_Q21,17_Q17
how do you flex?,show your muscles.,1,e960af0a-b745-4530-a260-93026c47cacc,16_Q21,18_Q17
How to make Strawberry Kiwi Sauce at home.,"Boil 1 cup Kiwi (chopped), 1 cup chopped strawberries  with 3/4 cup water and  1 cup Olive pits for 30 min., stirring to keep from scorching over med. heat on the stove top.",0,2f787ffe-825e-4041-9824-0e26a33a8974,17_Q21,19_Q17
Remove hair from bathroom drain.,Pour full 2 liter bottle of coke soda down bathroom drain.,1,a4048625-9e35-4b85-a4d2-287fc84160ab,19_Q21,20_Q17
Easy bookshelf.,"Two planks of wood, 4 concrete bricks. Place 2 concrete bricks on the floor, as far apart as the planks are long. Place one plank resting on these 2 bricks. Place the next 2 concrete bricks on top, and place the 2nd plank on top. Voila, a sturdy easy book shelf.",1,59fc75fd-9245-4626-9609-8ca6447186fe,20_Q21,21_Q17
To ensure you put the caps on the keyboard back in the right places after dissembling them.,Take a picture of the intact keyboard.,1,0ccc98d6-44a9-4e74-b20e-f90f2e218bef,21_Q21,22_Q17
How do I prepare my parchment paper when making pavlova cookies at home?,Cut two sheets of parchment paper to fit the cookie sheet and trace circles on the parchment paper where you want your cookies to be.,1,20825ddc-93ee-49ad-9855-5b535972e0ca,22_Q21,23_Q17
how do you edit an order at a drive thru?,tell them the different order at the payment window before paying.,1,fe3ee606-cd70-4b61-970f-4e73d4cdc3aa,24_Q21,24_Q17
"To continue using your phone while eon an airplane,","make sure the phone is set to the ""transmitting mode""",0,7c475383-d9d4-4bfc-b897-18fa2edb85b9,25_Q21,25_Q17
How to teach a child to be responsible?,"Get a dog and teach the child what the dog likes, over time let the dog take over the responsibilities themselves",0,0878e957-2308-4534-80cb-46f4938eebd4,26_Q21,26_Q17
Remove tick from skin.,Soak a cotton ball with liquid soap than place on tick.,1,0446d052-b4cd-41d1-a5d5-586ead19e128,27_Q21,27_Q17
"To restart a wall mounted heater unit,",open the cover and press the red button at the base of the wheel.,1,68840154-3aee-4db4-ba8c-b385e2b0033f,28_Q21,28_Q17
how do you get rid of bags under your eyes?,hold your eyes open tightly.,0,4b51d0f7-a047-482b-93c1-e504c078aeac,29_Q21,29_Q17
To design a exercise routine for the lower body you can do at home.,Do squats and lunges while holding the phones.,0,8d19a236-347d-4148-9d12-5832ff1b748c,30_Q21,30_Q17
,,,,,
"To make a bedroom temperature colder without a fan or air conditioner,",wave a large blanket up and down to generate a gust of wind to cool the room down when it gets too hot.,0,8dc24b65-c6b9-472c-b5f4-d4753a58cafd,2_Q22,1_Q18
How to brine a turkey before cooking?,"Boil water with spices and any adjuncts you'd like, bring the water to a boiling temperature and then submerge the turkey for several hours in the hot brine",0,9fcc0b8c-5ee7-4d18-b151-502376f9e088,3_Q22,2_Q18
To set the J bolt into the concrete mix in the mold.,"Push in the J bolt into the poured concrete mix in the mold after it cures, making sure it's straight and square.",0,3d28ac9e-e9c2-40fa-a99d-39c62ae1ca23,4_Q22,3_Q18
How do you harvest honey from a bee box?,"Smoke the bees. Once they are calm, remove the frames that are completely filled with honey from the hive. Use a sharp knife to cut off the comb from each frame. Once the combs are all opened, you can use an extractor to drain the honey out of the comb. You can also place the frame over a bucket and let the honey drain into the bucket over a few days time.",0,a5f2fdd1-71ab-46d3-8c7f-8f6d6b2ead0b,6_Q22,4_Q18
"To extend the shelf life of lettuce,",wrap it in paper towels before storing it in a bag.,1,a252f1a0-270d-496c-a6f6-3d0332fa1c6e,7_Q22,5_Q18
how do you give your fingerprints at a police station?,place them in an ink trey and then stick them on the sheet of paper.,1,90c7e068-b1e1-4f33-9473-c0f231c106cc,8_Q22,6_Q18
"To make the caffeine in coffee release slowly after consumption,","Use a non-fat coffee cream powder instead of cream or milk in your coffee, to dilute the portion of coffee in the beverage.",0,8104bf22-9043-49b8-b14c-ef03ad5ec8f1,12_Q22,7_Q18
napkin,protect ice cream scoop from damage,0,cbf4a113-0286-4392-8eb8-89fc0218c290,13_Q22,8_Q18
toilet tissue,is the same color as t-shirt most of the time,0,0c700fdf-c955-466f-b91b-04e8ff7397c3,14_Q22,9_Q18
To prevent burning overflowed cookie batter to your oven,Be sure to place a bedding sheet below the cooling rack to catch anything that falls,0,c0110b8b-3197-4f00-aefe-35996b063378,16_Q22,10_Q18
table top,can be broken by a gorilla ,1,9af5d4d3-f520-4ae7-9a93-c3d4ad719336,17_Q22,11_Q18
To save plants from rot root.,Use a 3% hydrogen peroxide solution once a day and spritz the seed every time you re-moisten. You can also use a mixture of 1 part hydrogen peroxide to 32 parts water to improve your plants’ root system.,1,20b6095f-2361-4774-9bf0-ddc37ea8aa03,21_Q22,12_Q18
To cut radiant foils to be used to cover the attics.,Use the driveway or other wide open spaces to cut the foils according to the measurements before going into the attic.,1,8b4962ec-cfc4-419e-81ec-be7413da17aa,23_Q22,13_Q18
hands,can get sweaty palms up,1,952cb3fc-270a-4fdb-95ad-66cd951907d4,24_Q22,14_Q18
"To easily disburse pancake mix on a pan,",pour mix into a ladle and then dump the ladle out.,0,0ebce675-7cf2-4538-b2de-5a303194f626,25_Q22,15_Q18
how do you check something in the stove without opening the door?,shine a flashlight inside.,0,2f4466f4-2d83-450d-bdbb-94732e7fd750,26_Q22,16_Q18
How to prepare fishing line.,Cut worm in half using a knife and pierce half with the fishing hook.,1,2c3d0873-e182-4340-8965-02f5a49027c6,27_Q22,17_Q18
"To help clear out breathing ways when you're congested,",cook a chopped onion on a pan and lean over it while cooking.,1,138ae791-307b-4b7d-9070-cc260e9aef28,28_Q22,18_Q18
To separate egg whiles from the yolk using a water bottle.,Squeeze the water bottle and press it against the yolk.  Release the squeeze which creates suction and lifts the yolk.,1,037481c2-6205-4a1c-bb23-ce1819547006,29_Q22,19_Q18
Removing small scratches in the finish of wooden furniture.,"Mix equal parts lemon juice and olive oil and  using a clean lint cloth, apply and rub in the direction of scratch until it not visible anymore.",0,0cdae97c-f349-43e7-8992-568b1e44e1e9,30_Q22,20_Q18
How to keep brown sugar from going hard?,Pour the brown sugar into a container and place a slice of bread or a marshmallow into the container to preserve the softness and prevent hardness,1,27271d3e-651a-4c6b-b736-c6f1db1077ac,3_Q23,21_Q18
To iron small spaces in between buttons on a shirt.,Use a hair flat iron to get those small spaces between buttons.,1,b6fa184b-97b5-4373-af2b-34106ef058cd,7_Q23,22_Q18
pen,can scratch an itch on your inner palm easier than the hand,0,a74cd8e8-7d72-4e6c-80ae-73f9f4df4fbc,8_Q23,23_Q18
Prevent cold sore from spreading.,Replace bathroom sink.,0,8125b066-2b41-4d3f-b27b-ca90c4cfb792,11_Q23,24_Q18
How to Meditate,"Meditation can be performed with the eyes open or closed.[11] As a beginner, it is often best to try meditating with closed eyes in order to avoid visual distractions.",1,a3788ca9-d52b-467b-b06c-b738edc4f028,12_Q23,25_Q18
How to make low fat Meringue baked clouds at home.,"Beat 3 whole eggs. (Let them warm to room temp for 30 min.first) add 1/2 teaspoon vanilla, 1/4 teaspoon cream of tartar.  Beat with mixer until peaks form on egg whites.  Ad gradually a bit at a time, 6 tablespoons of sugar.  Spoon this on baking waxed paper.  Texture the whites to look like clouds or      your preference.  Bake in oven (at 275 degrees) until egg whites are browned (about 12 min.. check this though and remove when you like the appearance.  Enjoy.",0,a0ab2f4b-d5c6-4656-aa13-d419904cedf8,15_Q23,26_Q18
rope,can be put around a wall ,0,2e0a0373-6082-4566-8915-471cae02ec74,17_Q23,27_Q18
Remove seeds from  strawberries,"Chop up the strawberries, pour the mixture through a fine-mesh strainer with a bowl underneath to catch the pulps and strain out the seeds",0,c21fd632-52c4-4847-b2b4-8a74e686f6f9,18_Q23,28_Q18
How to make mashed potatoes.,"Peel potatoes, cut into chunks, place in pan cover with water and bring to boil for 20 minutes, drain ad milk, water salt and pepper to taste and enjoy.",0,e6f0c2c9-b6a6-4ad8-b5f5-70f923b48f17,20_Q23,29_Q18
"To make a BLT,","place bacon, lettuce, and tomato onto a sandwich.",1,c7e97189-ba93-45c5-a43d-f69f58d5b17e,21_Q23,30_Q18
,,,,,
To make a rubber mallet when you need one for a project.,"Slip a rubber cane tip onto your hammer’s striking surface, or cut a hole into a tennis ball and slip it onto the hammer’s head.",1,53995415-05b4-48b7-bde8-7776fbcd7d8c,24_Q23,1_Q19
How can I cut cake perfectly and NOT smudge the nice icing?,"Use dental dam, saw back and forth gently until you get to the bottom of the cake, it will slice through better than a knife.",0,511a938d-351c-4a47-89e7-91427b7bac9f,26_Q23,2_Q19
"To make a piece of wood darker in color,",soak the wood in Vodka or Ethanol.,0,1bca291a-fbd9-4fb4-9c35-921660def603,27_Q23,3_Q19
To mount a TV on a wall.,Drill holes into the wall then put in screws. Connect them to the TV's mount.,0,8c9d14ab-f6b0-4c08-b04b-00a04bb98a38,28_Q23,4_Q19
how to make grapefruit taste sweeter,add salt to the grapefruit,1,81ccd4dd-9c6f-451b-b820-968ad5929141,29_Q23,5_Q19
thimble,can fit on a jar ,0,7b39264f-7c54-4694-bb17-bdeb8feafb61,30_Q23,6_Q19
